INDEX_MCP_ACC_X,INDEX_MCP_ACC_Y,INDEX_MCP_ACC_Z,RING_MCP_ACC_X,RING_MCP_ACC_Y,RING_MCP_ACC_Z,INDEX_PIP_ACC_X,INDEX_PIP_ACC_Y,INDEX_PIP_ACC_Z,INDEX_DIP_ACC_X,INDEX_DIP_ACC_Y,INDEX_DIP_ACC_Z,MIDDLE_MCP_ACC_X,MIDDLE_MCP_ACC_Y,MIDDLE_MCP_ACC_Z,MIDDLE_PIP_ACC_X,MIDDLE_PIP_ACC_Y,MIDDLE_PIP_ACC_Z,MIDDLE_DIP_ACC_X,MIDDLE_DIP_ACC_Y,MIDDLE_DIP_ACC_Z,RING_PIP_ACC_X,RING_PIP_ACC_Y,RING_PIP_ACC_Z,RING_DIP_ACC_X,RING_DIP_ACC_Y,RING_DIP_ACC_Z,PINKY_MCP_ACC_X,PINKY_MCP_ACC_Y,PINKY_MCP_ACC_Z,PINKY_PIP_ACC_X,PINKY_PIP_ACC_Y,PINKY_PIP_ACC_Z,PINKY_DIP_ACC_X,PINKY_DIP_ACC_Y,PINKY_DIP_ACC_Z,THUMB_CMC_ACC_X,THUMB_CMC_ACC_Y,THUMB_CMC_ACC_Z,THUMB_MCP_ACC_X,THUMB_MCP_ACC_Y,THUMB_MCP_ACC_Z,THUMB_IP_ACC_X,THUMB_IP_ACC_Y,THUMB_IP_ACC_Z,WRIST_ACC_X,WRIST_ACC_Y,WRIST_ACC_Z,INDEX_TIP_ACC_X,INDEX_TIP_ACC_Y,INDEX_TIP_ACC_Z,MIDDLE_TIP_ACC_X,MIDDLE_TIP_ACC_Y,MIDDLE_TIP_ACC_Z,RING_TIP_ACC_X,RING_TIP_ACC_Y,RING_TIP_ACC_Z,PINKY_TIP_ACC_X,PINKY_TIP_ACC_Y,PINKY_TIP_ACC_Z,THUMB_TIP_ACC_X,THUMB_TIP_ACC_Y,THUMB_TIP_ACC_Z,INDEX_MCP_GYRO_X,INDEX_MCP_GYRO_Y,INDEX_MCP_GYRO_Z,RING_MCP_GYRO_X,RING_MCP_GYRO_Y,RING_MCP_GYRO_Z,INDEX_PIP_GYRO_X,INDEX_PIP_GYRO_Y,INDEX_PIP_GYRO_Z,INDEX_DIP_GYRO_X,INDEX_DIP_GYRO_Y,INDEX_DIP_GYRO_Z,MIDDLE_MCP_GYRO_X,MIDDLE_MCP_GYRO_Y,MIDDLE_MCP_GYRO_Z,MIDDLE_PIP_GYRO_X,MIDDLE_PIP_GYRO_Y,MIDDLE_PIP_GYRO_Z,MIDDLE_DIP_GYRO_X,MIDDLE_DIP_GYRO_Y,MIDDLE_DIP_GYRO_Z,RING_PIP_GYRO_X,RING_PIP_GYRO_Y,RING_PIP_GYRO_Z,RING_DIP_GYRO_X,RING_DIP_GYRO_Y,RING_DIP_GYRO_Z,PINKY_MCP_GYRO_X,PINKY_MCP_GYRO_Y,PINKY_MCP_GYRO_Z,PINKY_PIP_GYRO_X,PINKY_PIP_GYRO_Y,PINKY_PIP_GYRO_Z,PINKY_DIP_GYRO_X,PINKY_DIP_GYRO_Y,PINKY_DIP_GYRO_Z,THUMB_CMC_GYRO_X,THUMB_CMC_GYRO_Y,THUMB_CMC_GYRO_Z,THUMB_MCP_GYRO_X,THUMB_MCP_GYRO_Y,THUMB_MCP_GYRO_Z,THUMB_IP_GYRO_X,THUMB_IP_GYRO_Y,THUMB_IP_GYRO_Z,WRIST_GYRO_X,WRIST_GYRO_Y,WRIST_GYRO_Z,INDEX_TIP_GYRO_X,INDEX_TIP_GYRO_Y,INDEX_TIP_GYRO_Z,MIDDLE_TIP_GYRO_X,MIDDLE_TIP_GYRO_Y,MIDDLE_TIP_GYRO_Z,RING_TIP_GYRO_X,RING_TIP_GYRO_Y,RING_TIP_GYRO_Z,PINKY_TIP_GYRO_X,PINKY_TIP_GYRO_Y,PINKY_TIP_GYRO_Z,THUMB_TIP_GYRO_X,THUMB_TIP_GYRO_Y,THUMB_TIP_GYRO_Z,INDEX_MCP_QUA_X,INDEX_MCP_QUA_Y,INDEX_MCP_QUA_Z,INDEX_MCP_QUA_W,RING_MCP_QUA_X,RING_MCP_QUA_Y,RING_MCP_QUA_Z,RING_MCP_QUA_W,INDEX_PIP_QUA_X,INDEX_PIP_QUA_Y,INDEX_PIP_QUA_Z,INDEX_PIP_QUA_W,INDEX_DIP_QUA_X,INDEX_DIP_QUA_Y,INDEX_DIP_QUA_Z,INDEX_DIP_QUA_W,MIDDLE_MCP_QUA_X,MIDDLE_MCP_QUA_Y,MIDDLE_MCP_QUA_Z,MIDDLE_MCP_QUA_W,MIDDLE_PIP_QUA_X,MIDDLE_PIP_QUA_Y,MIDDLE_PIP_QUA_Z,MIDDLE_PIP_QUA_W,MIDDLE_DIP_QUA_X,MIDDLE_DIP_QUA_Y,MIDDLE_DIP_QUA_Z,MIDDLE_DIP_QUA_W,RING_PIP_QUA_X,RING_PIP_QUA_Y,RING_PIP_QUA_Z,RING_PIP_QUA_W,RING_DIP_QUA_X,RING_DIP_QUA_Y,RING_DIP_QUA_Z,RING_DIP_QUA_W,PINKY_MCP_QUA_X,PINKY_MCP_QUA_Y,PINKY_MCP_QUA_Z,PINKY_MCP_QUA_W,PINKY_PIP_QUA_X,PINKY_PIP_QUA_Y,PINKY_PIP_QUA_Z,PINKY_PIP_QUA_W,PINKY_DIP_QUA_X,PINKY_DIP_QUA_Y,PINKY_DIP_QUA_Z,PINKY_DIP_QUA_W,THUMB_CMC_QUA_X,THUMB_CMC_QUA_Y,THUMB_CMC_QUA_Z,THUMB_CMC_QUA_W,THUMB_MCP_QUA_X,THUMB_MCP_QUA_Y,THUMB_MCP_QUA_Z,THUMB_MCP_QUA_W,THUMB_IP_QUA_X,THUMB_IP_QUA_Y,THUMB_IP_QUA_Z,THUMB_IP_QUA_W,WRIST_QUA_X,WRIST_QUA_Y,WRIST_QUA_Z,WRIST_QUA_W,INDEX_TIP_QUA_X,INDEX_TIP_QUA_Y,INDEX_TIP_QUA_Z,INDEX_TIP_QUA_W,MIDDLE_TIP_QUA_X,MIDDLE_TIP_QUA_Y,MIDDLE_TIP_QUA_Z,MIDDLE_TIP_QUA_W,RING_TIP_QUA_X,RING_TIP_QUA_Y,RING_TIP_QUA_Z,RING_TIP_QUA_W,PINKY_TIP_QUA_X,PINKY_TIP_QUA_Y,PINKY_TIP_QUA_Z,PINKY_TIP_QUA_W,THUMB_TIP_QUA_X,THUMB_TIP_QUA_Y,THUMB_TIP_QUA_Z,THUMB_TIP_QUA_W
0.085821,1.119406,0.5496,-0.541776,0.615585,0.99674,0.269868,1.839792,0.473121,0.025503,1.543395,0.255466,-0.263835,0.838397,0.801041,0.112038,1.720398,0.485454,0.309402,1.297453,-0.147801,-0.071652,1.529345,0.791259,0.307917,1.246545,0.167391,-0.704157,0.351051,0.980653,-0.109116,1.446585,0.785341,0.190677,1.389534,0.117444,0.152769,-0.057975,-0.668772,0.363177,0.762218,-0.728088,0.044277,1.161921,-0.695404,-0.221286,-0.794481,-0.803459,0.13653,1.092687,0.090831,0.512409,0.647517,-0.24126,0.38964,1.048209,-0.113433,0.435669,1.404315,-0.417194,-0.628392,1.330431,-0.625526,-0.463734,-0.209758,-0.557936,-0.473738,0.26677,-0.158788,-0.240316,0.243037,-0.248162,-0.656708,-0.806811,-1.05195,-0.441048,0.135056,-0.521078,-0.344987,0.383398,-0.194497,-0.363209,0.059529,-0.804233,-0.498864,0.217521,-0.512021,-0.495561,0.260557,-0.137637,-0.99733,0.17018,-1.45448,-1.08353,0.26814,-0.754049,-1.09586,0.270297,-0.709974,-0.180959,-0.089845,0.772861,0.121987,-0.872229,0.598181,0.248511,-1.33112,0.639072,-0.354743,0.51312,0.320089,-0.656708,-0.806811,-1.05195,-0.363209,0.059529,-0.804233,-0.495561,0.260557,-0.137637,-1.09586,0.270297,-0.709974,0.248511,-1.33112,0.639072,-0.509008,0.754144,0.297095,-0.289674,-0.400654,0.777106,0.270027,-0.403322,-0.360996,0.686633,-0.28389,-0.563581,0.151895,-0.506773,0.584374,0.615318,-0.43887,0.776521,0.229131,-0.389754,-0.088394,0.6962,-0.304741,-0.643913,-0.245445,-0.52387,0.549482,0.602815,0.206748,0.805957,-0.163883,-0.529935,0.480659,0.659993,-0.333099,-0.471615,-0.410494,0.832776,0.258875,-0.266386,0.32412,0.809903,0.014358,-0.488669,0.367139,0.792833,0.003044,-0.486432,-0.387599,0.594867,0.698909,0.086176,-0.262961,0.508004,0.819492,0.034872,-0.201965,0.521489,0.826068,0.06979,0.682328,-0.446405,-0.578084,-0.031146,0.151895,-0.506773,0.584374,0.615318,-0.245445,-0.52387,0.549482,0.602815,0.480659,0.659993,-0.333099,-0.471615,0.367139,0.792833,0.003044,-0.486432,-0.201965,0.521489,0.826068,0.06979
0.308852,-0.100532,0.536706,0.04166,-0.326033,0.730798,0.390833,0.272021,0.46934,0.299589,0.160304,0.384372,0.173877,-0.215398,0.63659,0.334881,0.139898,0.581455,0.275669,0.001734,0.320184,0.209869,0.007508,0.714564,0.378925,-0.117971,0.429906,-0.08694,-0.445259,0.736584,0.274157,0.208956,0.630134,0.463223,0.159326,0.268021,-0.003024,-0.475394,-0.01095,0.15629,-0.174812,-0.020622,-0.058533,-0.077292,0.002673,-0.21008,-0.694506,-0.124292,0.371435,-0.041773,0.31637,0.370979,-0.304563,0.265524,0.401315,-0.154905,0.277617,0.613217,0.155363,-0.023251,-0.471236,-0.080709,0.043793,0.290918,-0.380402,-0.24913,0.348396,0.022795,0.654589,0.340362,-0.281955,-0.181109,0.132239,-0.79645,-0.578406,0.401269,-0.005136,0.09484,0.444596,0.104158,0.238932,0.447693,0.148948,0.323728,0.307668,-0.055413,0.101879,0.309911,-0.031872,0.302373,-0.055495,-0.158473,-0.355132,-0.067008,-0.14303,-0.259134,-0.070227,-0.142193,-0.247552,0.452228,-0.229347,1.02335,0.54911,-0.536112,0.969426,0.494709,-0.355881,0.954136,0.362876,0.054115,0.810305,0.132239,-0.79645,-0.578406,0.447693,0.148948,0.323728,0.309911,-0.031872,0.302373,-0.070227,-0.142193,-0.247552,0.494709,-0.355881,0.954136,-0.505768,0.756364,0.291418,-0.295275,-0.403826,0.776284,0.272008,-0.4004,-0.357459,0.687705,-0.285713,-0.563607,0.139369,-0.497871,0.596803,0.613618,-0.436025,0.778258,0.228081,-0.390096,-0.089038,0.698837,-0.303267,-0.641661,-0.247283,-0.524374,0.551489,0.599786,0.208659,0.805472,-0.166829,-0.529003,0.478665,0.66094,-0.333842,-0.471792,-0.400385,0.840846,0.24758,-0.26716,0.326497,0.80742,0.002535,-0.491392,0.368955,0.790063,-0.00851,-0.48949,-0.398888,0.587438,0.697853,0.093838,-0.279693,0.500034,0.818716,0.037969,-0.220998,0.514302,0.825501,0.072117,0.684212,-0.439467,-0.580739,-0.038278,0.139369,-0.497871,0.596803,0.613618,-0.247283,-0.524374,0.551489,0.599786,0.478665,0.66094,-0.333842,-0.471792,0.368955,0.790063,-0.00851,-0.48949,-0.220998,0.514302,0.825501,0.072117
0.175872,-0.35948,0.098746,0.349214,-0.253506,-0.003676,0.141099,-0.397406,0.052994,0.288833,-0.320733,0.084844,0.276621,-0.296364,0.040873,0.189482,-0.521724,0.193734,0.077895,-0.402002,0.349995,0.193352,-0.551207,0.047712,0.150558,-0.508896,0.191921,0.378672,-0.195756,-3.8e-05,0.330998,-0.262112,-0.034673,0.357291,-0.304587,0.092582,0.077801,-0.03391,0.373325,-0.15498,-0.288561,0.380656,-0.239436,-0.410274,0.390873,0.174776,0.169394,0.401139,0.378534,-0.299771,0.159188,0.038951,-0.278515,0.364452,0.15539,-0.537044,0.267633,0.371436,-0.347474,0.194734,-0.250596,-0.483531,0.394664,0.184801,-0.293563,-0.178878,0.219422,-0.065392,0.425475,0.222442,-0.219208,-0.125659,0.006164,-0.75103,-0.54958,0.245543,-0.099948,-0.027287,0.236707,-0.122188,-0.057461,0.248126,0.055295,0.290573,0.193221,-0.114887,0.045507,0.193281,-0.113943,0.05441,0.016923,-0.184207,-0.128627,0.01528,-0.182137,-0.11563,0.018549,-0.182958,-0.127083,0.300834,-0.356606,0.615681,0.307395,-0.42621,0.611056,0.213327,-0.141967,0.589919,0.209943,-0.08561,0.415475,0.006164,-0.75103,-0.54958,0.248126,0.055295,0.290573,0.193281,-0.113943,0.05441,0.018549,-0.182958,-0.127083,0.213327,-0.141967,0.589919,-0.503282,0.75474,0.291272,-0.303704,-0.409669,0.769945,0.280675,-0.400721,-0.350579,0.687338,-0.285392,-0.568517,0.125383,-0.492566,0.602816,0.615037,-0.434715,0.775542,0.233618,-0.393676,-0.085856,0.700472,-0.296749,-0.643356,-0.247049,-0.53126,0.543886,0.600764,0.210347,0.805747,-0.16079,-0.529785,0.479567,0.663656,-0.327518,-0.471496,-0.398698,0.840657,0.246394,-0.271341,0.329401,0.80467,0.003277,-0.493953,0.371878,0.787198,-0.007635,-0.491902,-0.411584,0.576958,0.698687,0.097747,-0.293282,0.489803,0.819881,0.043289,-0.230727,0.506144,0.827109,0.080456,0.69,-0.428239,-0.582153,-0.040118,0.125383,-0.492566,0.602816,0.615037,-0.247049,-0.53126,0.543886,0.600764,0.479567,0.663656,-0.327518,-0.471496,0.371878,0.787198,-0.007635,-0.491902,-0.230727,0.506144,0.827109,0.080456
0.00767,0.106577,-0.090408,0.16945,0.157116,-0.151443,-0.049469,0.028448,-0.159107,0.030476,0.055715,-0.154484,0.092174,0.134615,-0.114862,0.085858,0.125499,-0.128163,0.271757,0.131053,-0.041215,0.015557,-0.150511,-0.183259,-0.011479,-0.123427,-0.081699,0.237975,0.184779,-0.163948,0.171224,0.093055,-0.257817,0.178303,0.065834,-0.136962,0.15181,0.232781,0.08593,-0.33417,0.031956,0.062076,-0.537324,-0.027678,0.066464,0.275881,0.308734,0.159269,0.25137,-0.06379,-0.007146,0.257806,0.190977,-0.004813,0.012985,-0.21037,0.003312,0.177584,0.035462,-0.038676,-0.613318,-0.042398,0.070992,-0.02959,-0.19355,-0.177294,-0.036642,0.125587,0.117254,0.109554,0.080367,0.020541,-0.105938,-0.447586,-0.403942,-0.036999,-0.048624,-0.219403,0.013717,0.077866,-0.046798,0.012612,0.061024,-0.079978,-0.048184,0.104,-0.049424,-0.045133,0.150241,0.389608,-0.316159,0.081057,-0.492478,-0.365473,0.14611,-0.101237,-0.370163,0.147408,-0.0848,0.082929,0.078006,0.590363,0.257145,-0.365733,0.501198,0.245799,-0.333183,0.498864,0.021747,0.252829,0.461399,-0.105938,-0.447586,-0.403942,0.012612,0.061024,-0.079978,-0.045133,0.150241,0.389608,-0.370163,0.147408,-0.0848,0.245799,-0.333183,0.498864,-0.50225,0.754839,0.289169,-0.307155,-0.412126,0.76848,0.282922,-0.399433,-0.349175,0.687835,-0.2843,-0.569327,0.116415,-0.486008,0.610143,0.614792,-0.432727,0.776024,0.232712,-0.395449,-0.083629,0.700414,-0.297517,-0.643359,-0.246597,-0.532569,0.542907,0.600676,0.21078,0.805789,-0.160708,-0.529574,0.478115,0.665035,-0.326393,-0.471807,-0.395538,0.843109,0.242497,-0.271868,0.328956,0.804201,-3.9e-05,-0.495024,0.371442,0.78662,-0.0109,-0.493093,-0.419133,0.57174,0.697979,0.101317,-0.302928,0.48452,0.819372,0.045871,-0.238538,0.50214,0.826931,0.084499,0.691684,-0.423593,-0.583315,-0.043422,0.116415,-0.486008,0.610143,0.614792,-0.246597,-0.532569,0.542907,0.600676,0.478115,0.665035,-0.326393,-0.471807,0.371442,0.78662,-0.0109,-0.493093,-0.238538,0.50214,0.826931,0.084499
0.240192,-0.271934,0.109197,0.198255,-0.297786,0.132796,0.267234,0.013139,-0.056521,0.25654,0.075821,0.009501,0.244421,-0.263046,0.101772,0.288035,-0.167452,0.085143,0.108866,-0.130958,0.075005,0.263788,-0.172425,0.217418,0.30385,-0.20136,0.154289,0.062437,-0.322115,0.162688,0.281354,0.021704,0.15129,0.304339,0.043153,-0.048047,-0.493883,-0.089554,0.023013,-0.174842,-0.118577,0.05199,-0.25149,-0.263364,0.049539,-0.635838,0.079798,-0.099646,0.279895,0.04841,0.017639,0.089358,-0.106068,0.020938,0.250596,-0.025961,0.072047,0.331484,0.074421,-0.207533,-0.251909,-0.343093,0.0492,0.025859,-0.119776,-0.249642,-0.002399,0.10286,-0.129249,0.1241,0.071437,-0.11017,0.165898,0.17245,-0.02815,0.008876,0.035378,-0.00787,0.084386,0.221524,0.246679,0.078382,0.140195,0.085418,0.002286,0.111097,-0.065763,0.007407,0.158406,0.382042,-0.160847,0.136108,-0.325896,-0.197621,0.19105,-0.01721,-0.199376,0.191623,-0.010905,0.024471,0.357339,0.231777,0.167126,0.013767,0.159754,0.143146,0.079823,0.155443,0.066204,0.246235,0.313418,0.165898,0.17245,-0.02815,0.078382,0.140195,0.085418,0.007407,0.158406,0.382042,-0.199376,0.191623,-0.010905,0.143146,0.079823,0.155443,-0.500013,0.755811,0.286467,-0.310924,-0.411724,0.769302,0.283923,-0.397549,-0.347465,0.689526,-0.282654,-0.569148,0.112478,-0.485618,0.612211,0.613776,-0.431006,0.776904,0.231753,-0.396162,-0.085327,0.702669,-0.294737,-0.641955,-0.246568,-0.534293,0.542842,0.599214,0.211096,0.8067,-0.161786,-0.52773,0.471268,0.670612,-0.323853,-0.472552,-0.389238,0.848096,0.237041,-0.270258,0.327353,0.805327,-0.006325,-0.494215,0.369483,0.787752,-0.017144,-0.49258,-0.420638,0.566821,0.69985,0.109486,-0.309209,0.478856,0.820215,0.048318,-0.244661,0.497131,0.827854,0.087519,0.692315,-0.416883,-0.586899,-0.049591,0.112478,-0.485618,0.612211,0.613776,-0.246568,-0.534293,0.542842,0.599214,0.471268,0.670612,-0.323853,-0.472552,0.369483,0.787752,-0.017144,-0.49258,-0.244661,0.497131,0.827854,0.087519
0.024263,-0.059088,0.120373,-0.023164,-0.108109,0.159107,0.020608,-0.075481,0.122364,-0.065698,-0.097701,0.123236,0.010064,-0.07503,0.133322,0.178196,0.313462,0.003226,0.326446,0.256338,-0.033828,-0.006899,-0.083306,0.21992,-0.093273,-0.047001,0.15081,-0.091323,-0.138979,0.170874,0.034368,0.054796,0.152084,0.010048,0.097976,0.011839,-0.302672,-0.053709,0.005867,0.120884,0.103479,0.03465,0.1763,0.094753,0.034802,-0.384452,-0.023638,-0.054982,-0.14315,-0.044324,0.070575,0.428852,0.007086,0.021478,-0.149801,0.133464,0.077715,-0.007236,0.146286,-0.101866,0.183784,0.073303,0.033865,0.010759,0.086912,0.311547,0.053014,-0.073346,0.342259,-0.090257,-0.109779,0.168083,-0.235293,-0.46042,-0.11664,0.041225,-0.058952,-0.071101,-0.038252,-0.254906,-0.339082,-0.031964,-0.169756,-0.170206,0.035047,-0.104872,0.099134,0.030545,-0.146045,-0.290959,0.11584,-0.170196,0.24308,0.154314,-0.22768,-0.080118,0.150922,-0.226573,-0.067922,0.055997,-0.453913,0.00038,-0.057046,-0.191681,0.057357,-0.00776,-0.327327,0.06619,-0.025445,-0.237302,-0.158762,-0.235293,-0.46042,-0.11664,-0.031964,-0.169756,-0.170206,0.030545,-0.146045,-0.290959,0.150922,-0.226573,-0.067922,-0.00776,-0.327327,0.06619,-0.500076,0.755752,0.28658,-0.310862,-0.411786,0.769259,0.284042,-0.397482,-0.347544,0.689531,-0.282524,-0.569157,0.112548,-0.485672,0.612102,0.61383,-0.43107,0.776863,0.231873,-0.396103,-0.085403,0.702715,-0.294614,-0.641951,-0.246495,-0.53439,0.542755,0.599236,0.21101,0.80677,-0.161692,-0.527687,0.471186,0.670718,-0.323791,-0.472525,-0.389314,0.848054,0.237139,-0.270193,0.32728,0.805397,-0.006249,-0.49415,0.369412,0.787828,-0.017071,-0.492515,-0.420688,0.566717,0.699888,0.10959,-0.309241,0.478763,0.82025,0.048436,-0.2447,0.497044,0.827882,0.087641,0.692333,-0.416759,-0.586958,-0.049661,0.112548,-0.485672,0.612102,0.61383,-0.246495,-0.53439,0.542755,0.599236,0.471186,0.670718,-0.323791,-0.472525,0.369412,0.787828,-0.017071,-0.492515,-0.2447,0.497044,0.827882,0.087641
-0.010618,0.037392,-0.03842,0.116589,0.082224,-0.088651,-0.070569,-0.146285,-0.032843,0.029313,-0.155331,-0.068203,0.055353,0.062228,-0.058742,0.083647,0.125948,-0.073435,0.315866,0.112712,-0.001781,-0.043797,-0.248634,-0.073669,-0.086829,-0.215607,0.008147,0.171513,0.104973,-0.098549,0.067596,-0.051952,-0.13586,0.10676,-0.103261,-0.007585,0.105302,0.132453,0.107416,-0.150942,0.011578,0.094762,-0.245508,-0.028981,0.093347,0.201298,0.193682,0.166997,0.139581,-0.19341,0.021899,0.330223,0.098302,0.051237,-0.073225,-0.264565,0.065876,0.123759,-0.14721,0.093151,-0.362307,-0.072307,0.097606,0.132294,-0.158291,-0.321997,0.120464,-0.066734,-0.09034,0.165155,-0.093622,-0.274691,0.151908,-0.126097,-0.301115,0.169224,0.175427,0.617704,0.180201,0.202676,0.655222,0.193652,0.403983,1.05666,0.10568,-0.093511,-0.301948,0.105563,-0.095105,-0.317497,0.143162,-0.020233,0.089385,0.174481,-0.063099,-0.159617,0.179482,-0.064606,-0.177113,0.244854,-0.290912,0.281139,0.145901,-0.111111,0.328921,0.084443,0.054041,0.317872,0.143638,-0.016166,0.079488,0.151908,-0.126097,-0.301115,0.193652,0.403983,1.05666,0.105563,-0.095105,-0.317497,0.179482,-0.064606,-0.177113,0.084443,0.054041,0.317872,-0.501592,0.754099,0.288363,-0.310783,-0.415645,0.765908,0.287189,-0.397678,-0.34731,0.687861,-0.28297,-0.571097,0.106377,-0.478958,0.617227,0.615072,-0.43208,0.775402,0.234572,-0.396275,-0.083153,0.70154,-0.294891,-0.643402,-0.245031,-0.536103,0.539772,0.600999,0.21251,0.805823,-0.160309,-0.528951,0.476595,0.6672,-0.324335,-0.471708,-0.392293,0.845358,0.239052,-0.272636,0.331268,0.802508,-0.003861,-0.496213,0.373219,0.784929,-0.014528,-0.494352,-0.428975,0.564296,0.69744,0.105485,-0.314922,0.476993,0.819059,0.049436,-0.251645,0.495414,0.826741,0.087976,0.694019,-0.417011,-0.584999,-0.047071,0.106377,-0.478958,0.617227,0.615072,-0.245031,-0.536103,0.539772,0.600999,0.476595,0.6672,-0.324335,-0.471708,0.373219,0.784929,-0.014528,-0.494352,-0.251645,0.495414,0.826741,0.087976
0.185132,-0.139469,-0.093117,0.062961,-0.063452,-0.119386,0.291023,0.21172,-0.119205,0.412646,0.31436,-0.048736,0.125791,-0.10097,-0.1247,-0.228455,-0.942596,0.229888,-0.870681,-0.785405,0.236393,0.219768,0.258177,-0.054976,0.551441,0.087937,-0.041017,-0.007722,-0.023018,-0.093553,0.033501,0.031594,0.069981,0.207994,-0.09379,0.087022,-0.031326,-0.014135,-0.040073,-0.277325,-0.30768,-0.045712,-0.03378,-0.29802,-0.040943,-0.139698,0.058204,-0.126293,0.431054,0.267183,-0.051822,-1.042572,-0.39233,0.098175,0.619698,-0.114853,-0.048658,0.3572,-0.205403,0.102086,0.137273,-0.281664,-0.045654,-0.13934,0.129122,0.04721,-0.159153,0.002658,-0.25322,-0.059261,0.28205,0.160414,-0.142439,0.085275,-0.001542,-0.160512,0.059304,0.065844,-0.152476,0.07996,0.094062,-0.158185,-0.010724,-0.087677,-0.144715,0.02836,-0.049059,-0.145216,0.022015,-0.110902,-0.098066,0.051498,-0.09408,-0.125663,0.090126,0.132037,-0.120882,0.088686,0.115082,-0.111094,-0.070664,-0.161841,-0.143469,0.018082,-0.145683,-0.142812,0.016338,-0.145571,-0.147464,0.027634,-0.233568,-0.142439,0.085275,-0.001542,-0.158185,-0.010724,-0.087677,-0.145216,0.022015,-0.110902,-0.120882,0.088686,0.115082,-0.142812,0.016338,-0.145571,-0.496662,0.756874,0.285765,-0.314336,-0.410445,0.768678,0.284064,-0.39997,-0.343484,0.691084,-0.283163,-0.569421,0.105636,-0.483746,0.616762,0.611911,-0.43911,0.772096,0.240744,-0.391271,-0.093194,0.704386,-0.284868,-0.643432,-0.233374,-0.545068,0.530862,0.605494,0.21715,0.804417,-0.16335,-0.528277,0.479125,0.66532,-0.326119,-0.470569,-0.391071,0.845943,0.240105,-0.27165,0.331776,0.803311,-0.004064,-0.49457,0.374237,0.785487,-0.014955,-0.49268,-0.430529,0.562414,0.698013,0.105419,-0.314895,0.475665,0.819711,0.051557,-0.248414,0.495028,0.827496,0.092136,0.692879,-0.416577,-0.586659,-0.047058,0.105636,-0.483746,0.616762,0.611911,-0.233374,-0.545068,0.530862,0.605494,0.479125,0.66532,-0.326119,-0.470569,0.374237,0.785487,-0.014955,-0.49268,-0.248414,0.495028,0.827496,0.092136
0.015042,-0.113843,0.11579,0.257324,-0.113576,0.073751,-0.076849,-0.173797,-0.059475,-0.027,-0.160041,-0.062102,0.145543,-0.104481,0.107923,0.305684,0.28593,-0.092193,0.46891,0.307038,0.015868,0.137941,-0.351347,-0.06088,-0.190073,-0.171042,0.024096,0.339447,-0.117533,0.052271,0.218081,-0.297659,-0.09762,-0.061089,-0.112875,-0.043887,0.10124,-0.015827,0.251009,0.344353,0.131309,0.265706,-0.118282,-0.083766,0.25081,0.26183,0.066947,0.353151,-0.078965,-0.040153,-0.060158,0.414599,0.436833,-0.019708,-0.269814,0.051936,0.096083,-0.285459,0.032981,0.001126,-0.198135,-0.159128,0.251592,-0.016526,-0.06266,0.360956,0.036786,-0.145346,0.502958,-0.076635,-0.18166,0.274872,-0.108676,-0.260556,0.211251,0.029762,-0.34985,-0.768022,0.032287,-0.343537,-0.759403,0.041625,-0.202954,-0.481517,0.050574,-0.118558,0.707868,0.049384,-0.143783,0.470943,0.013533,-0.296426,0.214752,-0.021822,-0.24845,0.489922,-0.025602,-0.247313,0.503056,-0.182233,0.049803,-0.227235,0.175575,-0.608702,-0.397342,0.109755,-0.427424,-0.410329,-0.046078,-0.330265,0.054307,-0.108676,-0.260556,0.211251,0.041625,-0.202954,-0.481517,0.049384,-0.143783,0.470943,-0.025602,-0.247313,0.503056,0.109755,-0.427424,-0.410329,-0.50281,0.754433,0.28752,-0.308779,-0.415117,0.766922,0.283825,-0.398688,-0.350904,0.688689,-0.28033,-0.5692,0.107162,-0.476957,0.618833,0.614878,-0.432987,0.775776,0.232925,-0.395524,-0.085252,0.701318,-0.295312,-0.643176,-0.242257,-0.536378,0.539654,0.601983,0.210096,0.805362,-0.160624,-0.530519,0.476712,0.665496,-0.325422,-0.473245,-0.392961,0.845221,0.23768,-0.273298,0.326271,0.803999,-0.002517,-0.497119,0.368676,0.786463,-0.013238,-0.495358,-0.429073,0.567341,0.695342,0.102571,-0.317055,0.478956,0.817381,0.044328,-0.251454,0.497929,0.825695,0.084053,0.693477,-0.42112,-0.582803,-0.045705,0.107162,-0.476957,0.618833,0.614878,-0.242257,-0.536378,0.539654,0.601983,0.476712,0.665496,-0.325422,-0.473245,0.368676,0.786463,-0.013238,-0.495358,-0.251454,0.497929,0.825695,0.084053
-0.129194,0.199323,0.032567,0.050684,0.118707,0.051434,-0.210007,0.002317,-0.005046,-0.197751,-0.092233,-0.105142,-0.046696,0.154092,0.070111,0.116844,0.558474,-0.153379,0.475917,0.468481,-0.159721,-0.094903,-0.161681,-0.138325,-0.354694,-0.024482,-0.123725,0.176783,0.076973,0.010568,0.156259,0.061572,-0.265112,-0.049395,0.206658,-0.257015,0.319564,0.012445,0.007986,0.218816,0.2598,-0.019141,-0.311113,0.192894,-0.020178,0.499647,-0.106258,0.152105,-0.210458,-0.063673,-0.105617,0.47748,0.476245,-0.169289,-0.407499,0.12458,-0.059146,-0.222491,0.330447,-0.249429,-0.426795,0.240444,-0.017026,-0.200551,0.457403,-0.033541,-0.262984,0.297265,-0.682494,-0.138693,0.579867,0.055076,-0.37804,-0.009559,-0.420329,-0.312513,0.471136,0.739079,-0.401016,0.249671,0.436712,-0.433952,-0.250103,-0.551123,-0.289024,0.246405,-1.0715,-0.288658,0.254741,-0.99322,-0.195436,0.44373,-0.487522,-0.141109,0.37018,-0.909233,-0.142503,0.3706,-0.904397,0.116794,-0.417908,0.142121,-0.613467,0.988308,0.489883,-0.339997,0.234521,0.544006,-0.193886,0.450618,-0.501363,-0.37804,-0.009559,-0.420329,-0.433952,-0.250103,-0.551123,-0.288658,0.254741,-0.99322,-0.142503,0.3706,-0.904397,-0.339997,0.234521,0.544006,-0.502787,0.754435,0.287382,-0.308941,-0.41509,0.766899,0.283689,-0.398857,-0.350789,0.688619,-0.280464,-0.56929,0.10701,-0.476849,0.618923,0.614897,-0.432954,0.775753,0.232789,-0.395686,-0.085134,0.701203,-0.295407,-0.643273,-0.242403,-0.536232,0.539682,0.60203,0.210204,0.805238,-0.160654,-0.530656,0.476836,0.665352,-0.325394,-0.473343,-0.392923,0.845213,0.237571,-0.273473,0.326343,0.803876,-0.002515,-0.49727,0.368748,0.786336,-0.013227,-0.495505,-0.42913,0.567424,0.695265,0.102393,-0.317143,0.479017,0.817321,0.044151,-0.25154,0.49799,0.825651,0.083871,0.693537,-0.421218,-0.582671,-0.045571,0.10701,-0.476849,0.618923,0.614897,-0.242403,-0.536232,0.539682,0.60203,0.476836,0.665352,-0.325394,-0.473343,0.368748,0.786336,-0.013227,-0.495505,-0.25154,0.49799,0.825651,0.083871
-0.073219,0.184151,-0.110006,-0.706943,0.017182,0.102975,0.160271,0.209141,0.441464,-0.162995,0.033036,0.353119,-0.439931,0.054046,-0.004515,-0.705195,-0.602694,0.350851,-0.908672,-0.78735,-0.066534,-0.35154,0.7472,0.209999,0.250365,0.392492,-0.118642,-0.805035,-0.047081,0.114656,-0.452076,0.498798,0.274336,-0.022791,0.245286,0.019685,0.396977,-0.533277,-0.722451,-0.223595,-0.486737,-0.781016,0.418118,0.082263,-0.756155,0.090341,-1.085541,-0.872313,-0.153843,-0.254361,0.229674,-0.78768,-1.123112,-0.06468,0.431118,-0.115054,-0.29789,0.333068,0.054683,-0.184726,0.650756,0.424059,-0.751857,0.147586,-0.050966,-0.058605,0.151771,0.145135,-0.018045,0.223966,0.097273,0.045669,0.114045,-0.16501,-0.161216,0.116978,-0.016376,-0.105909,0.143149,0.049525,-0.018884,0.123318,-0.212542,-0.519951,0.143296,0.131611,-0.116586,0.143548,0.132886,-0.105512,0.17431,0.205907,0.174055,0.219138,0.128697,-0.252401,0.215773,0.129946,-0.239766,0.17739,0.233711,0.192939,0.03235,0.511164,0.260647,0.270164,-0.10269,0.30898,0.18598,0.209461,0.210825,0.114045,-0.16501,-0.161216,0.123318,-0.212542,-0.519951,0.143548,0.132886,-0.105512,0.215773,0.129946,-0.239766,0.270164,-0.10269,0.30898,-0.501465,0.757882,0.290977,-0.299133,-0.405806,0.775747,0.279477,-0.394247,-0.357414,0.694613,-0.275068,-0.560451,0.106755,-0.472345,0.627808,0.609386,-0.440068,0.776334,0.236746,-0.384183,-0.093427,0.702072,-0.297188,-0.640349,-0.251113,-0.523888,0.552932,0.597286,0.221654,0.804113,-0.175614,-0.522907,0.484701,0.658172,-0.340448,-0.464726,-0.384466,0.851668,0.237326,-0.265562,0.339769,0.802238,-0.015231,-0.490651,0.381512,0.78404,-0.026184,-0.488921,-0.434466,0.564988,0.694279,0.100019,-0.303289,0.484198,0.818099,0.065442,-0.253747,0.498638,0.823354,0.095188,0.683556,-0.428576,-0.588981,-0.046651,0.106755,-0.472345,0.627808,0.609386,-0.251113,-0.523888,0.552932,0.597286,0.484701,0.658172,-0.340448,-0.464726,0.381512,0.78404,-0.026184,-0.488921,-0.253747,0.498638,0.823354,0.095188
-0.03763,-0.010869,-0.166963,0.054203,0.151861,-0.283241,-0.10048,-0.015173,-0.317624,-0.178687,0.152727,-0.121045,0.035314,0.094104,-0.252528,0.083317,0.203565,-0.279642,-0.044685,0.346262,-0.077506,-0.035939,-0.063314,-0.080459,-0.10858,-0.009281,0.053241,-0.022132,0.226924,-0.247547,-0.182756,-0.04237,-0.021269,-0.173781,-0.074424,0.10003,-0.643677,0.482517,0.142592,-0.38725,0.164862,0.185148,-0.028329,0.049244,0.173686,-0.685953,0.834369,0.069908,-0.04785,0.165447,0.02124,-4.2e-05,0.266345,0.02661,-0.155418,0.129231,0.052975,-0.167722,-0.111388,0.194616,-0.248976,-0.221384,0.17185,0.403181,-0.719988,-0.23574,0.453121,-0.241787,0.611954,0.50398,-0.522859,-0.089366,0.626505,-0.22565,0.156659,0.47147,-0.500822,-0.472407,0.633167,-0.097991,0.08589,0.649478,0.144438,0.575641,0.467998,-0.217036,0.814821,0.470488,-0.19459,1.04321,0.395556,-0.282265,0.681405,0.398944,-0.286873,0.653175,0.399731,-0.287092,0.650363,0.145141,0.525733,0.262881,0.614838,-0.371958,0.029865,0.637808,-0.431473,0.03347,0.444364,-0.265304,0.835874,0.626505,-0.22565,0.156659,0.649478,0.144438,0.575641,0.470488,-0.19459,1.04321,0.399731,-0.287092,0.650363,0.637808,-0.431473,0.03347,-0.500051,0.753715,0.288096,-0.314424,-0.411907,0.767239,0.287953,-0.398447,-0.34793,0.691475,-0.274396,-0.570537,0.0988,-0.476648,0.620722,0.614613,-0.43169,0.774676,0.235033,-0.397844,-0.085244,0.703382,-0.289844,-0.643411,-0.253174,-0.532732,0.542504,0.598155,0.215233,0.806435,-0.160158,-0.52696,0.478901,0.667262,-0.324888,-0.468895,-0.39471,0.843452,0.244946,-0.269804,0.334916,0.803147,-0.001938,-0.49273,0.376905,0.78549,-0.012811,-0.490697,-0.429933,0.560172,0.699802,0.107897,-0.30973,0.475013,0.821583,0.058575,-0.260629,0.489585,0.827345,0.088767,0.693523,-0.4131,-0.588266,-0.04814,0.0988,-0.476648,0.620722,0.614613,-0.253174,-0.532732,0.542504,0.598155,0.478901,0.667262,-0.324888,-0.468895,0.376905,0.78549,-0.012811,-0.490697,-0.260629,0.489585,0.827345,0.088767
-0.030615,-0.195834,-0.034343,0.271342,-0.030291,-0.189168,-0.179462,-0.258366,-0.347494,-0.26618,-0.065655,-0.132371,0.155135,-0.08123,-0.127138,0.172902,-0.001661,-0.259982,-0.094242,0.222222,0.02123,0.063225,-0.46751,-0.134537,-0.299349,-0.249164,0.07924,0.267402,0.040425,-0.173868,0.046774,-0.31282,-0.117403,-0.174475,-0.184616,0.039662,-0.556679,0.368864,0.392589,-0.287759,0.117122,0.429915,-0.196272,-0.111457,0.427277,-0.459785,0.789681,0.411146,-0.110101,0.000654,0.055117,-0.161673,0.432909,0.05202,-0.419271,0.106712,0.152213,-0.354716,-0.092876,0.164502,-0.439343,-0.384632,0.425955,-0.300275,0.365486,0.120086,-0.334946,0.008939,-0.381219,-0.488189,-0.001855,-0.152557,-0.318964,0.408373,0.186905,-0.30291,0.22927,0.139276,-0.426747,-0.078874,-0.287679,-0.42059,0.011625,-0.104889,-0.330328,0.016585,-0.318585,-0.3344,-0.018854,-0.678935,-0.308823,0.016452,-0.392347,-0.328542,0.043372,-0.227475,-0.327194,0.042996,-0.232298,-0.266056,-0.186845,-0.340268,-0.226926,-0.243149,-0.359384,-0.534916,0.554705,-0.407645,-0.338209,0.00372,-0.478297,-0.318964,0.408373,0.186905,-0.42059,0.011625,-0.104889,-0.3344,-0.018854,-0.678935,-0.327194,0.042996,-0.232298,-0.534916,0.554705,-0.407645,-0.50002,0.753777,0.288179,-0.314251,-0.411876,0.76732,0.288017,-0.398276,-0.348017,0.691573,-0.274337,-0.570394,0.098955,-0.47675,0.620704,0.614527,-0.431667,0.774756,0.235097,-0.397676,-0.085328,0.703496,-0.289846,-0.643275,-0.253044,-0.532832,0.542565,0.598066,0.215169,0.806538,-0.160218,-0.52681,0.478809,0.667353,-0.324997,-0.468785,-0.394684,0.843509,0.244999,-0.269618,0.334886,0.80325,-0.002025,-0.492582,0.376873,0.785593,-0.012907,-0.490555,-0.429795,0.560166,0.699869,0.108042,-0.309565,0.475023,0.82163,0.058702,-0.26046,0.489591,0.82738,0.088898,0.693414,-0.413092,-0.58839,-0.04826,0.098955,-0.47675,0.620704,0.614527,-0.253044,-0.532832,0.542565,0.598066,0.478809,0.667353,-0.324997,-0.468785,0.376873,0.785593,-0.012907,-0.490555,-0.26046,0.489591,0.82738,0.088898
0.065137,-0.121362,0.184897,-0.021845,-0.262335,0.287072,0.113907,-0.137452,0.318334,0.125546,-0.275604,0.17103,5.2e-05,-0.211054,0.257587,-0.022177,-0.264727,0.282202,0.055554,-0.375162,0.11226,0.069807,-0.049423,0.114377,0.041807,-0.045543,-0.005847,0.032515,-0.326963,0.259568,0.123631,-0.170054,0.110889,0.077445,-0.113776,0.006598,0.533772,-0.526893,-0.088368,0.403529,-0.252022,-0.115528,0.074474,-0.189299,-0.11352,0.55748,-0.817479,-0.037954,-0.084707,-0.197115,-0.00737,0.009944,-0.294976,0.004967,0.081004,-0.158791,-0.011088,0.042483,-0.059181,-0.075255,0.27184,0.017534,-0.111309,-0.103371,0.003947,-0.140283,-0.107229,-0.07215,-0.15558,-0.340132,-0.457243,-0.475166,0.074717,0.548205,0.336378,-0.067339,-0.018788,-0.261433,-0.154778,-0.233828,-0.555062,-0.13898,-0.007701,-0.110732,-0.117818,-0.0917,-0.304711,-0.118488,-0.100337,-0.384856,-0.109835,-0.086932,-0.066178,-0.094967,-0.107986,-0.18713,-0.093637,-0.108404,-0.191821,-0.186316,0.092918,-0.216334,0.12865,-0.55444,-0.370479,-0.173825,0.283172,-0.427778,-0.11779,-0.094634,-0.077791,0.074717,0.548205,0.336378,-0.13898,-0.007701,-0.110732,-0.118488,-0.100337,-0.384856,-0.093637,-0.108404,-0.191821,-0.173825,0.283172,-0.427778,-0.50028,0.756118,0.286106,-0.310079,-0.410319,0.770048,0.281343,-0.399388,-0.346369,0.687753,-0.28716,-0.569705,0.110165,-0.48137,0.616331,0.613419,-0.431034,0.777145,0.23178,-0.395642,-0.081317,0.700057,-0.300324,-0.642739,-0.248646,-0.530807,0.545301,0.599221,0.215796,0.804052,-0.165444,-0.528735,0.484049,0.659788,-0.331648,-0.469453,-0.392696,0.845793,0.238933,-0.270806,0.333903,0.801703,-0.006326,-0.495724,0.37603,0.783854,-0.017075,-0.493846,-0.42504,0.567444,0.697289,0.105533,-0.314184,0.478724,0.818604,0.044712,-0.245331,0.498341,0.827041,0.08644,0.692389,-0.419916,-0.584816,-0.047526,0.110165,-0.48137,0.616331,0.613419,-0.248646,-0.530807,0.545301,0.599221,0.484049,0.659788,-0.331648,-0.469453,0.37603,0.783854,-0.017075,-0.493846,-0.245331,0.498341,0.827041,0.08644
0.098038,0.066658,0.055196,0.090709,0.060647,0.060359,0.131202,0.155034,0.062943,0.411272,0.116035,-0.048402,0.094633,0.063923,0.057533,0.154385,0.187339,0.054354,0.461683,0.098004,0.035501,0.142594,0.164154,0.070123,0.346164,0.05168,0.060816,0.085687,0.057222,0.061093,0.161433,0.177167,0.026093,0.311141,0.066986,0.024939,0.080162,0.05919,0.041249,0.23935,0.141329,0.051804,0.254461,0.154045,0.051531,0.072738,0.055944,0.036789,0.505092,0.004607,-0.005091,0.525422,-0.057835,0.09908,0.398831,-0.123734,0.067022,0.428187,-0.021142,0.024402,0.454426,0.226486,0.044833,0.085924,-0.00045,-0.066204,0.0941,0.118942,-0.017779,0.07232,-0.026702,-0.085369,-0.110036,-0.464777,-0.44019,0.058379,0.013501,-0.003341,0.030815,-0.05353,-0.095237,0.016203,-0.259992,-0.500837,0.064723,0.067473,-0.416063,0.066971,0.089828,-0.206931,0.052828,0.11395,-0.068176,0.094326,0.054372,-0.412887,0.092864,0.054839,-0.407703,0.136574,0.042826,0.146182,-0.089829,0.441135,0.256373,0.08558,-0.037838,0.288407,0.102229,0.135791,0.07781,-0.110036,-0.464777,-0.44019,0.016203,-0.259992,-0.500837,0.066971,0.089828,-0.206931,0.092864,0.054839,-0.407703,0.08558,-0.037838,0.288407,-0.498732,0.756742,0.285978,-0.311166,-0.409159,0.770551,0.282335,-0.398907,-0.343202,0.687129,-0.290942,-0.570455,0.10892,-0.48164,0.617158,0.612597,-0.429442,0.777737,0.231524,-0.39636,-0.077721,0.699046,-0.303484,-0.6428,-0.254211,-0.526738,0.54894,0.59715,0.22224,0.802579,-0.169382,-0.527055,0.486654,0.658309,-0.333657,-0.467408,-0.392252,0.845987,0.239908,-0.269977,0.339721,0.79961,-0.008467,-0.495119,0.381671,0.781531,-0.019218,-0.49312,-0.425719,0.565819,0.698041,0.106538,-0.313912,0.477782,0.81912,0.047179,-0.247547,0.496844,0.827169,0.087512,0.692104,-0.418535,-0.586093,-0.04812,0.10892,-0.48164,0.617158,0.612597,-0.254211,-0.526738,0.54894,0.59715,0.486654,0.658309,-0.333657,-0.467408,0.381671,0.781531,-0.019218,-0.49312,-0.247547,0.496844,0.827169,0.087512
0.474085,-0.08055,-0.020647,0.39721,0.018377,-0.069304,0.49343,-0.181874,0.113307,0.335458,-0.099746,0.232147,0.442969,-0.025611,-0.066048,0.391379,-0.176268,0.100308,0.274777,-0.109443,0.162041,0.357343,-0.086758,0.162274,0.359637,-0.083673,0.196664,0.324258,0.06885,-0.040579,0.315314,0.04166,0.153158,0.39471,-0.022996,0.180307,0.168677,0.13372,0.094499,0.299161,-0.047273,0.12049,0.665223,-0.033478,0.127154,0.073181,0.271125,0.00901,0.44198,-0.162692,0.311343,0.274641,-0.10866,0.168952,0.351506,-0.044633,0.14227,0.461139,-0.080258,0.200275,0.715505,-0.09572,0.124773,-0.091676,-0.013481,0.0117,-0.094623,-0.096301,0.034614,-0.050612,0.065735,0.069532,0.289383,0.88223,0.730837,-0.063992,-0.014897,-0.055244,-0.020719,0.090318,0.088991,-0.006705,0.288363,0.477975,-0.073866,-0.059872,0.316353,-0.074063,-0.061852,0.297843,-0.010032,-0.074133,0.193404,-0.037872,-0.034162,0.424512,-0.037102,-0.034408,0.421781,-0.093315,-0.145687,-0.062149,0.153241,-0.593132,-0.18228,0.04639,-0.301174,-0.201841,-0.10421,-0.116172,-0.083859,0.289383,0.88223,0.730837,-0.006705,0.288363,0.477975,-0.074063,-0.061852,0.297843,-0.037102,-0.034408,0.421781,0.04639,-0.301174,-0.201841,-0.498678,0.756793,0.285878,-0.311221,-0.409108,0.770587,0.282233,-0.398963,-0.343132,0.687121,-0.291058,-0.570447,0.108856,-0.481587,0.617257,0.61255,-0.429382,0.777775,0.231416,-0.396414,-0.077648,0.699002,-0.303598,-0.642803,-0.254281,-0.526645,0.549021,0.597129,0.222316,0.802516,-0.169465,-0.527091,0.486725,0.658213,-0.333712,-0.46743,-0.39219,0.846024,0.239821,-0.270031,0.339782,0.799547,-0.008535,-0.495177,0.381731,0.781463,-0.019283,-0.493178,-0.425702,0.565898,0.698001,0.106451,-0.313916,0.477849,0.819086,0.047076,-0.247551,0.496906,0.827142,0.087403,0.69209,-0.418636,-0.586041,-0.048067,0.108856,-0.481587,0.617257,0.61255,-0.254281,-0.526645,0.549021,0.597129,0.486725,0.658213,-0.333712,-0.46743,0.381731,0.781463,-0.019283,-0.493178,-0.247551,0.496906,0.827142,0.087403
0.304547,-0.034822,0.181264,0.285164,-0.058537,0.199157,0.343792,0.075953,0.183403,0.704249,0.005162,0.030066,0.293665,-0.047835,0.191783,0.406859,0.184531,0.171261,0.74561,0.076938,0.144053,0.382474,0.141929,0.162427,0.640788,-0.004286,0.142785,0.280846,-0.070571,0.197413,0.365741,0.0666,0.149396,0.457603,0.007118,0.120868,0.311774,-0.083286,0.129135,0.52397,0.011389,0.144104,0.590594,0.027631,0.156073,0.301608,-0.114383,0.124934,0.838625,-0.137501,0.073155,0.864614,-0.214055,0.251379,0.719609,-0.268194,0.163919,0.534722,-0.041792,0.100168,0.846816,0.108213,0.156313,-0.16783,-0.150505,-0.142395,-0.176129,-0.173707,-0.197171,-0.293759,-0.393725,-0.318676,-0.154432,-0.058432,-0.049216,-0.155659,-0.159511,-0.226024,-0.182059,-0.223563,-0.313372,-0.187769,-0.302105,-0.46659,-0.188381,-0.197348,-0.373393,-0.188404,-0.197752,-0.377014,-0.178213,-0.163881,-0.117987,-0.175842,-0.167195,-0.136973,-0.17397,-0.167785,-0.143521,-0.162914,-0.180623,-0.078858,-0.054432,-0.32975,-0.129871,-0.109879,-0.174866,-0.140802,-0.170279,-0.16033,-0.093961,-0.154432,-0.058432,-0.049216,-0.187769,-0.302105,-0.46659,-0.188404,-0.197752,-0.377014,-0.17397,-0.167785,-0.143521,-0.109879,-0.174866,-0.140802,-0.498898,0.757676,0.283158,-0.311206,-0.410113,0.770718,0.279133,-0.399858,-0.343289,0.686057,-0.293963,-0.570144,0.120751,-0.491581,0.606622,0.613006,-0.42836,0.778897,0.228381,-0.397077,-0.077971,0.698733,-0.305141,-0.642325,-0.250702,-0.528036,0.548384,0.597998,0.220507,0.801349,-0.1703,-0.529353,0.484888,0.657586,-0.333372,-0.470454,-0.39511,0.844778,0.238982,-0.270418,0.335111,0.800596,-0.006686,-0.496691,0.377234,0.782681,-0.017383,-0.494775,-0.427618,0.568067,0.695334,0.104658,-0.321681,0.477479,0.816717,0.038834,-0.252125,0.497647,0.825962,0.081042,0.692602,-0.421486,-0.583412,-0.04778,0.120751,-0.491581,0.606622,0.613006,-0.250702,-0.528036,0.548384,0.597998,0.484888,0.657586,-0.333372,-0.470454,0.377234,0.782681,-0.017383,-0.494775,-0.252125,0.497647,0.825962,0.081042
-0.155844,0.026546,0.159904,-0.277001,0.09645,0.134135,-0.028998,0.369218,0.188924,0.982359,0.32553,-0.178841,-0.223329,0.053982,0.135515,0.025152,0.57674,0.108216,1.147905,0.332784,0.084848,-0.069288,0.526743,0.237093,1.030385,0.014469,0.272568,-0.307374,0.138206,0.148454,-0.119012,0.447808,0.1964,0.617465,-0.041592,0.322365,-0.133805,0.066998,0.207683,0.392867,0.137088,0.273386,1.063818,0.329675,0.350682,-0.202719,0.065603,0.155958,1.925147,-0.373949,0.142976,1.70292,-0.658964,0.541784,1.409991,-0.951826,0.349196,1.193043,-0.444287,0.422442,1.781856,0.544679,0.399133,-0.031321,-0.037735,0.183016,-0.010656,-0.070223,0.399271,0.375185,0.752182,0.753383,0.614065,1.33173,1.21711,-0.022082,-0.00099,0.329043,0.131151,0.377502,0.842216,0.156288,0.767204,1.5964,0.034802,0.026483,1.10167,0.035193,0.052677,1.32891,0.135062,-0.061135,0.488725,0.095739,-0.007156,0.791308,0.089133,-0.005023,0.813975,0.068509,-0.445412,0.178831,0.181901,-0.747354,0.125844,0.290369,-1.05164,0.148896,-0.039841,-0.142504,-0.048755,0.614065,1.33173,1.21711,0.156288,0.767204,1.5964,0.035193,0.052677,1.32891,0.089133,-0.005023,0.813975,0.290369,-1.05164,0.148896,-0.499653,0.757774,0.280455,-0.312202,-0.411103,0.770442,0.276521,-0.401185,-0.343451,0.684628,-0.295859,-0.570784,0.120526,-0.48958,0.607732,0.613553,-0.429299,0.778551,0.22588,-0.398169,-0.078468,0.696959,-0.306411,-0.643586,-0.250699,-0.526015,0.548687,0.599501,0.220103,0.799729,-0.171253,-0.531659,0.484883,0.655845,-0.333374,-0.472883,-0.395655,0.844743,0.236323,-0.272062,0.334614,0.799164,-0.007466,-0.499314,0.37669,0.781248,-0.018006,-0.497426,-0.429893,0.569565,0.692944,0.103037,-0.324965,0.478637,0.814833,0.036768,-0.255633,0.498905,0.824352,0.078671,0.693608,-0.423394,-0.580863,-0.047362,0.120526,-0.48958,0.607732,0.613553,-0.250699,-0.526015,0.548687,0.599501,0.484883,0.655845,-0.333374,-0.472883,0.37669,0.781248,-0.018006,-0.497426,-0.255633,0.498905,0.824352,0.078671
0.333428,-0.193671,0.12275,0.221181,-0.043981,0.039636,0.451037,0.211203,0.106517,0.826326,0.424173,0.07432,0.271245,-0.12669,0.062256,0.427371,0.215703,0.158835,1.031193,0.248403,0.22637,0.330507,0.219299,0.181554,0.834414,0.125563,0.294726,0.19197,0.041965,0.060233,0.259176,0.173612,0.217161,0.553739,0.040654,0.335889,0.349047,-0.018295,0.30884,0.647435,-0.125952,0.382401,1.086342,-0.067118,0.487436,0.285284,0.052932,0.247952,1.025091,0.447298,0.05171,1.272675,0.094893,0.302316,1.100283,-0.228318,0.35133,0.793191,-0.080729,0.431561,1.416482,-0.020195,0.579921,-0.297213,-0.158682,0.513011,-0.302541,-0.303729,0.592295,0.519623,1.48779,1.68624,1.14188,3.03853,2.92676,-0.261817,-0.064519,0.660453,0.127171,0.95174,2.01959,0.177755,1.73245,3.55339,-0.171708,0.020494,2.87424,-0.17399,0.09022,3.48137,-0.171993,-0.272906,0.550034,-0.469919,0.09569,2.71361,-0.464895,0.094395,2.69646,-0.094902,-0.939716,0.562642,0.322037,-1.79982,0.386929,0.49702,-2.2823,0.425901,-0.309062,-0.333638,0.10187,1.14188,3.03853,2.92676,0.177755,1.73245,3.55339,-0.17399,0.09022,3.48137,-0.464895,0.094395,2.69646,0.49702,-2.2823,0.425901,-0.505292,0.754826,0.280757,-0.309989,-0.420809,0.765397,0.278896,-0.39913,-0.360884,0.692837,-0.266118,-0.564731,0.158273,-0.525277,0.563744,0.617436,-0.437234,0.774913,0.228975,-0.394851,-0.099701,0.704783,-0.284382,-0.642237,-0.210926,-0.556874,0.520527,0.611926,0.18887,0.808561,-0.150846,-0.536472,0.452662,0.679254,-0.311944,-0.486212,-0.406585,0.838469,0.241148,-0.271119,0.307681,0.810762,0.008104,-0.497927,0.350096,0.794331,-0.002511,-0.496453,-0.442755,0.566989,0.687377,0.100028,-0.347374,0.472635,0.809468,0.026631,-0.28592,0.492103,0.819736,0.064167,0.695576,-0.42475,-0.577519,-0.047248,0.158273,-0.525277,0.563744,0.617436,-0.210926,-0.556874,0.520527,0.611926,0.452662,0.679254,-0.311944,-0.486212,0.350096,0.794331,-0.002511,-0.496453,-0.28592,0.492103,0.819736,0.064167
0.337046,-0.128204,0.14505,0.336854,-0.031847,0.070796,0.382923,0.215349,0.056241,0.615747,0.491248,-0.001115,0.33678,-0.082517,0.098976,0.437814,0.237809,0.091199,0.917706,0.434637,0.117203,0.429567,0.268845,0.030225,0.756723,0.406012,0.14862,0.338611,0.024201,0.075452,0.436115,0.24708,0.058551,0.590988,0.312267,0.123402,0.351269,0.028925,0.302303,0.532905,-0.058652,0.383699,0.69684,-0.059871,0.524766,0.355345,0.103788,0.28625,0.872895,0.661838,-0.094757,1.265565,0.424598,0.178199,1.04802,0.337575,0.254828,0.72132,0.356168,0.177939,0.803475,-0.057138,0.667937,-0.364042,0.095131,1.01572,-0.348155,-0.174333,0.873968,0.155835,1.22573,1.79208,0.255102,1.49221,1.99996,-0.364059,-0.006903,0.928217,-0.048322,0.909218,2.11229,-0.037311,1.1158,2.5149,-0.278985,0.074875,2.46148,-0.285671,0.130327,2.90702,-0.191168,-0.199949,0.765821,-0.345596,-0.015407,1.78481,-0.35698,-0.012592,1.82291,-0.177723,-0.882029,0.586478,0.253919,-1.72713,0.432766,0.373009,-2.04625,0.463315,-0.3823,-0.303831,0.130813,0.255102,1.49221,1.99996,-0.037311,1.1158,2.5149,-0.285671,0.130327,2.90702,-0.35698,-0.012592,1.82291,0.373009,-2.04625,0.463315,-0.516788,0.750052,0.278279,-0.304816,-0.432196,0.761119,0.275017,-0.397833,-0.382402,0.694697,-0.241375,-0.559377,0.190625,-0.543718,0.530385,0.621872,-0.449413,0.770331,0.227914,-0.390735,-0.126961,0.709772,-0.262382,-0.641296,-0.17317,-0.578964,0.495592,0.62386,0.150837,0.815004,-0.13145,-0.543818,0.414129,0.70045,-0.290132,-0.503676,-0.414675,0.835844,0.235561,-0.271884,0.270407,0.82232,0.018826,-0.500314,0.313615,0.807384,0.008287,-0.499709,-0.457965,0.56675,0.677572,0.09979,-0.373295,0.468314,0.800633,0.017867,-0.317487,0.487603,0.811626,0.052044,0.699794,-0.427178,-0.570265,-0.051045,0.190625,-0.543718,0.530385,0.621872,-0.17317,-0.578964,0.495592,0.62386,0.414129,0.70045,-0.290132,-0.503676,0.313615,0.807384,0.008287,-0.499709,-0.317487,0.487603,0.811626,0.052044
0.121203,0.033942,0.066135,0.065075,0.194675,-0.054674,0.159842,0.126729,0.205652,0.606075,0.451736,-0.067421,0.093504,0.109636,-0.014294,0.125444,0.311376,0.038552,0.8256,0.635888,0.008322,0.063872,0.312987,0.069876,0.762585,0.479114,0.24086,0.036569,0.290257,-0.041717,0.033537,0.351608,0.101531,0.675852,0.257225,0.373407,0.051611,0.307586,0.291173,0.40658,0.139519,0.437778,0.705825,0.117808,0.644846,0.010082,0.433845,0.225701,1.66611,0.393518,-0.106422,1.64106,0.361639,0.277277,1.31673,0.207018,0.40496,1.17768,0.162391,0.589662,0.993915,0.147413,0.863093,-0.541576,0.049875,1.19071,-0.520301,-0.153345,1.10759,0.215308,1.88314,2.3901,0.69789,3.32206,3.47629,-0.547918,0.051064,1.19293,-0.120866,1.46731,2.95344,-0.088959,2.15259,4.28036,-0.43327,0.266301,3.5764,-0.446046,0.350575,4.21595,-0.299036,-0.170611,0.99835,-0.630053,0.192942,3.04962,-0.633194,0.193568,3.06007,-0.248125,-1.18663,0.823947,0.212997,-2.22643,0.695589,0.388485,-2.68057,0.745645,-0.553669,-0.322835,0.121409,0.69789,3.32206,3.47629,-0.088959,2.15259,4.28036,-0.446046,0.350575,4.21595,-0.633194,0.193568,3.06007,0.388485,-2.68057,0.745645,-0.532684,0.742223,0.281452,-0.293491,-0.449509,0.753635,0.278075,-0.390704,-0.411299,0.696479,-0.207438,-0.550199,0.230006,-0.562685,0.48961,0.625112,-0.466081,0.763681,0.231203,-0.382237,-0.162655,0.716531,-0.232252,-0.637327,-0.128128,-0.603912,0.465117,0.63446,0.108193,0.822805,-0.109076,-0.547165,0.369536,0.72416,-0.265991,-0.517961,-0.43155,0.827453,0.239397,-0.267907,0.240087,0.831929,0.032966,-0.499164,0.282887,0.818754,0.022621,-0.499104,-0.475589,0.564477,0.667381,0.098908,-0.404052,0.460706,0.790214,0.007305,-0.354861,0.479481,0.801717,0.037687,0.702663,-0.430002,-0.564263,-0.054514,0.230006,-0.562685,0.48961,0.625112,-0.128128,-0.603912,0.465117,0.63446,0.369536,0.72416,-0.265991,-0.517961,0.282887,0.818754,0.022621,-0.499104,-0.354861,0.479481,0.801717,0.037687
0.133851,-0.040517,0.210692,0.125385,0.00018,0.15974,0.137865,0.290265,0.168192,0.286965,0.681735,-0.067297,0.1298,-0.023518,0.180537,0.179529,0.416888,0.013118,0.793245,0.931371,-0.209249,0.167877,0.320573,0.034578,0.673875,0.72806,0.068891,0.121706,0.030095,0.154931,0.180383,0.254895,0.091596,0.53475,0.440768,0.16691,0.130902,0.049301,0.26681,0.243033,-0.07197,0.38357,0.310245,-0.073196,0.586049,0.127965,0.077229,0.245123,0.75534,1.081651,-0.39746,1.51176,1.13076,-0.212354,1.25394,0.770508,0.20618,0.82344,0.581862,0.230654,0.412635,-0.011138,0.835548,-0.793562,-0.063861,1.30905,-0.779546,-0.253675,1.04547,0.086747,2.38282,2.8055,0.680985,4.40632,4.2598,-0.788084,0.037737,1.26301,-0.326153,1.88223,3.42049,-0.286558,2.77557,5.10116,-0.717144,0.365366,4.19993,-0.739425,0.477254,4.94293,-0.608256,-0.291287,0.857753,-1.13027,0.282293,3.80123,-1.12958,0.282155,3.79893,-0.461765,-1.36959,0.975724,0.013008,-2.50328,0.903014,0.241426,-3.06232,0.982501,-0.797973,-0.425696,0.161706,0.680985,4.40632,4.2598,-0.286558,2.77557,5.10116,-0.739425,0.477254,4.94293,-1.12958,0.282155,3.79893,0.241426,-3.06232,0.982501,-0.551095,0.734632,0.276709,-0.282916,-0.467228,0.748033,0.272524,-0.384545,-0.446348,0.69726,-0.168633,-0.534944,0.291452,-0.592475,0.424041,0.619853,-0.485612,0.757119,0.228906,-0.372227,-0.209729,0.723048,-0.196885,-0.628054,-0.05624,-0.636796,0.419341,0.644578,0.046214,0.82945,-0.081485,-0.55067,0.303726,0.751271,-0.23459,-0.536945,-0.444864,0.823467,0.231613,-0.265243,0.177501,0.848081,0.047681,-0.496969,0.221456,0.837328,0.037313,-0.498444,-0.498069,0.563817,0.651144,0.100248,-0.441235,0.454682,0.773677,-4.6e-05,-0.399786,0.472495,0.785028,0.02552,0.706986,-0.435365,-0.553883,-0.061976,0.291452,-0.592475,0.424041,0.619853,-0.05624,-0.636796,0.419341,0.644578,0.303726,0.751271,-0.23459,-0.536945,0.221456,0.837328,0.037313,-0.498444,-0.399786,0.472495,0.785028,0.02552
-0.046583,0.024104,0.160301,0.026252,-0.048314,0.181215,-0.087306,0.347247,0.085175,-0.106845,0.715109,-0.23329,-0.003008,-0.006795,0.178283,-0.006326,0.426068,0.00426,0.444705,1.10667,-0.424697,0.075077,0.401214,-0.131238,0.50928,0.999972,-0.267329,0.03174,-0.086646,0.165615,0.145512,0.307916,-0.098369,0.4857,0.646262,-0.189032,-0.132566,-0.009021,0.058632,-0.06444,-0.10061,0.181359,-0.09318,-0.125669,0.373599,-0.10115,-0.017379,0.068969,0.205725,1.277442,-0.779943,1.19826,1.570646,-0.632363,1.17246,1.258599,-0.198126,0.7602,0.921733,-0.25859,-0.10365,-0.076145,0.62799,-0.663656,0.105429,1.76295,-0.637727,0.06423,1.61456,0.0438,2.47439,3.11,0.500457,4.3343,4.37818,-0.703806,0.314359,1.85716,-0.282265,2.4461,4.20297,-0.241985,3.2303,5.63489,-0.611133,0.759711,4.77173,-0.640152,0.901183,5.61701,-0.338074,-0.038686,1.41237,-0.822957,0.472409,3.96073,-0.830686,0.473755,3.98699,-0.344008,-1.26378,0.99312,-0.02198,-2.54144,1.03031,0.287312,-3.25721,1.15752,-0.677583,-0.331562,0.14434,0.500457,4.3343,4.37818,-0.241985,3.2303,5.63489,-0.640152,0.901183,5.61701,-0.830686,0.473755,3.98699,0.287312,-3.25721,1.15752,-0.573134,0.723468,0.276484,-0.267708,-0.489138,0.739563,0.272678,-0.373413,-0.486863,0.696289,-0.120952,-0.513339,-0.357111,0.617858,-0.350258,-0.606666,-0.508757,0.748198,0.231257,-0.357612,-0.26473,0.729743,-0.152504,-0.611667,-0.022514,0.668486,-0.366486,-0.646767,-0.020626,0.834862,-0.050441,-0.547755,0.229844,0.777984,-0.199481,-0.549654,-0.464787,0.814609,0.231116,-0.258787,0.120034,0.860542,0.064835,-0.49077,0.163825,0.852438,0.054623,-0.493484,-0.52075,0.561717,0.634819,0.101486,-0.480952,0.446295,0.754617,-0.007697,-0.449583,0.461545,0.764666,0.011693,0.710545,-0.440701,-0.544207,-0.068907,-0.357111,0.617858,-0.350258,-0.606666,-0.022514,0.668486,-0.366486,-0.646767,0.229844,0.777984,-0.199481,-0.549654,0.163825,0.852438,0.054623,-0.493484,-0.449583,0.461545,0.764666,0.011693
-0.148385,0.112253,0.3054,-0.112478,-0.001156,0.373287,-0.311445,0.308871,0.072683,-0.47853,0.603054,-0.319833,-0.132378,0.055317,0.354581,-0.260817,0.231501,0.239445,-0.40758,0.883455,-0.228256,-0.179718,0.256536,0.094202,-0.13656,0.922049,-0.163193,-0.085266,-0.06314,0.356349,-0.074378,0.22154,0.114137,0.1851,0.646713,-0.028835,-0.04694,-0.082585,0.148988,-0.044715,-0.248686,0.257294,-0.054795,-0.251344,0.478245,-0.009216,-0.190675,0.195969,-0.605895,1.161152,-0.849862,-0.10584,1.59083,-0.638126,0.314325,1.468212,-0.250566,0.393465,0.994071,-0.142487,-0.11772,-0.18815,0.74799,-0.618433,-0.036855,1.75676,-0.621109,0.166562,1.77097,0.062779,2.89887,3.31692,0.54245,5.41019,4.94604,-0.719921,0.202019,1.88301,-0.360235,2.83874,4.61149,-0.298785,3.87873,6.44047,-0.626564,1.04168,5.36519,-0.662144,1.23047,6.39537,-0.237626,0.044698,1.60911,-0.861746,0.676119,4.70668,-0.862764,0.676264,4.71032,-0.314816,-1.33032,0.905711,-0.278406,-2.64253,1.06716,0.07411,-3.41133,1.24074,-0.656746,-0.376013,-0.009357,0.54245,5.41019,4.94604,-0.298785,3.87873,6.44047,-0.662144,1.23047,6.39537,-0.862764,0.676264,4.71032,0.07411,-3.41133,1.24074,-0.597179,0.709231,0.27593,-0.25344,-0.513106,0.729186,0.275556,-0.359276,-0.527354,0.690634,-0.073199,-0.489454,-0.425279,0.637352,-0.267897,-0.584081,-0.535946,0.735764,0.235647,-0.340416,-0.328446,0.733424,-0.098599,-0.586934,-0.115945,0.698404,-0.29934,-0.639675,-0.099526,0.837543,-0.011348,-0.537111,0.13921,0.804855,-0.154933,-0.55572,-0.485102,0.804854,0.231897,-0.251215,0.046906,0.873003,0.086749,-0.47764,0.091136,0.868101,0.076442,-0.481925,-0.542603,0.559028,0.61847,0.102785,-0.520518,0.439401,0.732022,-0.011531,-0.500149,0.450585,0.739475,0.000998,0.713627,-0.446136,-0.534805,-0.075384,-0.425279,0.637352,-0.267897,-0.584081,-0.115945,0.698404,-0.29934,-0.639675,0.13921,0.804855,-0.154933,-0.55572,0.091136,0.868101,0.076442,-0.481925,-0.500149,0.450585,0.739475,0.000998
-0.302247,0.339354,0.175121,-0.11637,-0.093081,0.50297,-0.534351,0.558293,-0.169739,-0.972713,0.55557,-0.46793,-0.198339,0.145963,0.387858,-0.385286,0.646187,-0.173459,-0.86136,1.07037,-0.822406,-0.200648,0.666638,-0.148268,-0.4689,1.23147,-0.767568,-0.073671,-0.359046,0.47537,0.042405,0.702534,-0.23667,0.067305,1.208126,-0.963189,-0.36627,-0.327323,-0.447362,-0.302922,-0.120397,-0.338682,-0.36783,-0.002001,-0.109905,-0.26927,-0.589025,-0.302642,-1.586445,0.860775,-0.958409,-0.996795,1.74075,-1.49636,-0.37056,1.922411,-1.191983,0.09108,1.666128,-1.547999,-0.542535,0.096455,0.112545,-0.343895,0.393351,1.94893,-0.372119,0.40566,2.00421,0.116449,3.10969,3.31501,0.338427,4.66583,4.28614,-0.453623,0.350627,2.04895,-0.257453,2.85292,4.51658,-0.201795,3.63773,5.84463,-0.397168,1.24176,5.20293,-0.428514,1.44715,6.25266,0.034967,0.27645,1.91579,-0.552298,0.824397,4.74353,-0.557659,0.824809,4.76425,-0.122122,-0.982379,0.960399,-0.376867,-2.79611,1.30634,0.017876,-3.61325,1.53871,-0.397708,-0.206647,0.185698,0.338427,4.66583,4.28614,-0.201795,3.63773,5.84463,-0.428514,1.44715,6.25266,-0.557659,0.824809,4.76425,0.017876,-3.61325,1.53871,-0.619926,0.693581,0.279358,-0.237901,-0.537607,0.716668,0.282996,-0.34246,-0.567926,0.684909,-0.015728,-0.456193,-0.492242,0.653275,-0.176448,-0.547536,-0.561327,0.722213,0.240838,-0.324526,-0.39063,0.73314,-0.041905,-0.55512,-0.208747,0.720711,-0.227004,-0.620862,-0.177195,0.835525,0.030122,-0.519223,0.045355,0.825687,-0.106365,-0.552151,-0.509357,0.790555,0.239893,-0.240893,-0.023844,0.880582,0.113046,-0.459595,0.01998,0.879035,0.102731,-0.465128,-0.562973,0.555099,0.603622,0.102797,-0.5619,0.432071,0.705235,-0.015058,-0.553077,0.437553,0.708914,-0.009677,0.715914,-0.451091,-0.526899,-0.079753,-0.492242,0.653275,-0.176448,-0.547536,-0.208747,0.720711,-0.227004,-0.620862,0.045355,0.825687,-0.106365,-0.552151,0.01998,0.879035,0.102731,-0.465128,-0.553077,0.437553,0.708914,-0.009677
-0.43079,0.278814,0.270057,-0.385698,0.081749,0.425466,-0.34097,-0.262124,0.817781,-0.800031,-0.29925,0.560405,-0.418899,0.178394,0.37787,-0.601317,-0.056013,0.575039,-1.15299,0.446205,0.110012,-0.604408,-0.171152,0.373353,-0.80511,0.58314,-0.008906,-0.316959,-0.034031,0.406658,-0.56504,-0.423711,0.40355,-0.25812,0.312918,0.347972,-0.107513,-0.155278,0.024665,-0.215922,-0.296219,0.113793,-0.53925,-0.507156,0.07977,-0.033749,-0.38456,0.147119,-1.183905,0.01431,-0.007079,-1.22391,1.179405,-0.458686,-0.61419,1.33407,-0.343596,-0.022185,0.888419,0.299904,-0.887625,-0.604333,0.063375,0.567996,0.435743,1.68651,0.495907,1.03611,2.99089,0.846615,2.90176,2.9168,1.02076,4.67114,4.0198,0.426777,0.831607,2.47206,0.470609,2.97658,4.56996,0.533691,3.76772,5.89393,0.481694,1.62968,5.27451,0.468042,1.78845,6.10467,1.4251,0.970799,3.55355,1.12984,1.19648,5.0147,1.11939,1.19535,5.06148,0.785699,-1.11448,0.598379,-0.164082,-2.79671,1.02836,0.166367,-3.44747,1.25508,0.452158,-0.167166,-0.350487,1.02076,4.67114,4.0198,0.533691,3.76772,5.89393,0.468042,1.78845,6.10467,1.11939,1.19535,5.06148,0.166367,-3.44747,1.25508,-0.639076,0.67516,0.292514,-0.224002,-0.562879,0.697982,0.303061,-0.322712,-0.599395,0.675766,0.039142,-0.42724,-0.54017,0.658122,-0.098716,-0.515118,-0.58672,0.703357,0.258316,-0.307118,-0.445909,0.727205,0.019584,-0.521493,-0.288773,0.733608,-0.152271,-0.596022,-0.248688,0.828858,0.079572,-0.49479,-0.042958,0.840321,-0.050331,-0.538036,-0.537725,0.767909,0.262832,-0.228225,-0.094096,0.882796,0.152889,-0.434099,-0.050754,0.884995,0.142418,-0.440369,-0.580732,0.545889,0.595626,0.099927,-0.603134,0.422579,0.676279,-0.017396,-0.604639,0.421522,0.67557,-0.018308,0.717565,-0.450826,-0.524969,-0.079145,-0.54017,0.658122,-0.098716,-0.515118,-0.288773,0.733608,-0.152271,-0.596022,-0.042958,0.840321,-0.050331,-0.538036,-0.050754,0.884995,0.142418,-0.440369,-0.604639,0.421522,0.67557,-0.018308
-0.401623,0.422352,0.082833,0.415911,-1.507421,1.323189,-0.743456,0.932507,-0.433315,-1.310153,0.213945,-0.584943,0.103881,-0.421232,0.889965,-0.448372,0.95274,-0.190698,-1.367297,0.56433,-1.008335,-0.328817,1.291035,0.392555,-1.027146,1.55346,-1.047989,0.395784,-2.63529,1.157814,-0.366966,2.621115,0.132258,-0.950639,3.539175,-2.550665,-1.874386,-1.72873,-2.796158,-0.984206,0.316908,-2.352384,-0.91434,0.65308,-1.927544,-1.615642,-2.50444,-2.421743,-1.881072,0.063525,-1.425135,-2.113245,0.5928,-2.20515,-1.88496,1.963245,-2.466678,-1.484085,4.507605,-4.701831,-1.051785,0.582431,-1.752521,0.278931,-0.54544,0.821757,0.15454,0.41327,1.55249,0.550439,3.27617,2.80689,0.692294,5.29394,4.11461,0.150535,-0.035619,1.60361,0.047056,3.02319,4.6746,0.14014,3.98718,6.30214,0.157215,1.48501,5.93405,0.160525,1.6679,6.9755,0.309706,0.239801,1.10032,-0.694413,0.760552,6.46237,-0.68471,0.765003,6.40734,0.298835,-0.396334,0.852787,-1.29896,-2.29175,1.34998,-0.899666,-3.05583,1.67338,0.139885,0.075709,0.392623,0.692294,5.29394,4.11461,0.14014,3.98718,6.30214,0.160525,1.6679,6.9755,-0.68471,0.765003,6.40734,-0.899666,-3.05583,1.67338,-0.6512,0.658918,0.302605,-0.224045,-0.58521,0.67592,0.329212,-0.303777,-0.622399,0.66723,0.100869,-0.396547,-0.583093,0.662868,-0.003094,-0.46968,-0.606889,0.683178,0.278032,-0.29606,-0.496032,0.715972,0.086895,-0.483513,-0.367797,0.738839,-0.065186,-0.560886,-0.31858,0.814678,0.13729,-0.464713,-0.130988,0.846632,0.014887,-0.515592,-0.565385,0.739544,0.294326,-0.216302,-0.167777,0.87649,0.202695,-0.403152,-0.125361,0.882832,0.19219,-0.409823,0.596272,-0.534825,-0.591719,-0.091055,-0.639344,0.417611,0.645386,-0.017821,0.649824,-0.409432,-0.639934,0.024034,0.717457,-0.449944,-0.526908,-0.071932,-0.583093,0.662868,-0.003094,-0.46968,-0.367797,0.738839,-0.065186,-0.560886,-0.130988,0.846632,0.014887,-0.515592,-0.125361,0.882832,0.19219,-0.409823,0.649824,-0.409432,-0.639934,0.024034
0.585797,-1.162453,0.179736,1.394064,-3.7252,1.05656,0.264866,-0.054392,0.120801,-0.250337,-0.843735,0.516381,1.17728,-2.327501,0.839249,0.37979,-0.384386,0.890022,-0.532323,-0.84531,0.656463,-0.396893,-0.471894,2.214375,-1.275231,-0.10761,1.432521,1.05144,-4.926588,0.623747,-2.674352,0.004353,3.881762,-3.460259,2.270445,2.059034,-2.478129,-1.964504,-3.44153,-0.996678,-0.309132,-1.911599,-0.46341,-0.3699,-0.834954,-2.312094,-2.502513,-3.273348,-1.079943,-0.991275,0.488303,-1.544805,-0.92337,-0.225321,-2.100315,0.474105,0.209186,-4.177433,4.27983,0.681153,-0.27816,-0.9071,-0.318585,5.23603,1.69006,0.78342,5.23249,3.12573,7.21718,5.26143,2.15699,1.06648,5.46776,5.23596,3.36219,5.22751,2.8054,3.71085,5.24738,2.55428,3.42222,5.31659,3.07383,4.4128,5.17122,2.65235,4.56774,5.12613,2.51892,3.38607,8.91825,3.39863,12.4526,10.0412,3.66669,4.57097,10.0322,3.64783,4.66197,5.83616,-2.61025,-0.569208,2.42174,-3.09821,-0.72638,2.31713,-2.89762,-0.822361,5.00002,0.132716,-2.91137,5.46776,5.23596,3.36219,5.31659,3.07383,4.4128,5.12613,2.51892,3.38607,10.0322,3.64783,4.66197,2.31713,-2.89762,-0.822361,0.649774,-0.641722,-0.329363,0.239805,-0.60333,0.638949,0.380043,-0.288625,-0.625702,0.658315,0.167864,-0.383329,-0.602531,0.662403,0.100424,-0.433699,-0.617604,0.65535,0.320032,-0.294383,-0.525712,0.697985,0.165445,-0.457244,-0.420072,0.734969,0.032583,-0.531317,-0.372725,0.790831,0.215735,-0.43488,-0.194207,0.844947,0.095949,-0.489022,-0.601314,0.682356,0.361804,-0.204719,-0.23099,0.853793,0.288596,-0.366598,-0.188823,0.86521,0.277947,-0.37216,0.613047,-0.508823,-0.600825,-0.065432,0.670585,-0.409672,-0.617975,0.02433,0.686453,-0.396162,-0.608857,0.033622,0.713778,-0.43941,-0.543403,-0.046398,-0.602531,0.662403,0.100424,-0.433699,-0.420072,0.734969,0.032583,-0.531317,-0.194207,0.844947,0.095949,-0.489022,-0.188823,0.86521,0.277947,-0.37216,0.686453,-0.396162,-0.608857,0.033622
-0.203172,0.359081,-1.23804,-1.179459,2.693525,-2.674248,0.035048,-0.990246,-0.714062,-0.044664,-0.41562,-0.00425,-0.839447,1.367177,-2.16881,-0.658817,-1.07802,-0.818499,-1.171896,-0.76257,0.594875,-0.839928,-1.547475,-1.245074,-1.502575,-1.666935,0.744132,-1.032336,4.030499,-2.475449,-0.481341,-3.33843,-1.089156,-0.79752,-3.97644,2.611964,2.203515,2.529407,2.218137,0.254801,0.316197,1.326224,-0.697682,-0.249552,0.325254,1.953362,3.2508,1.847729,-0.693853,-0.346245,1.459485,-1.7562,-0.3099,1.937747,-1.425902,-1.28004,2.336582,-0.952032,-4.755705,5.569161,-1.285917,-0.426795,-0.440814,5.869,0.674332,0.428471,5.60625,0.87515,6.97759,5.88618,0.87806,0.627871,6.1163,2.95053,3.08475,5.94278,1.42127,3.35971,5.95377,1.3348,3.19012,6.0353,1.58194,4.14432,5.43146,0.947094,4.93395,5.4207,0.956534,4.83681,9.32994,-0.615926,12.0554,9.10152,1.42765,7.85378,9.10139,1.42827,7.85291,5.63882,-4.05933,-1.76431,2.94475,-3.93309,-2.45427,2.75453,-3.38887,-2.65736,5.16211,0.05165,-3.89748,6.1163,2.95053,3.08475,6.0353,1.58194,4.14432,5.4207,0.956534,4.83681,9.10139,1.42827,7.85291,2.75453,-3.38887,-2.65736,0.616438,-0.596883,-0.423289,0.290794,0.640421,-0.504554,-0.513846,0.266924,-0.578615,0.637531,0.259327,-0.437618,-0.573689,0.640438,0.246655,-0.447081,0.609928,-0.579365,-0.443075,0.309853,-0.496978,0.659736,0.285763,-0.485902,-0.398945,0.71568,0.169793,-0.547554,-0.371285,0.748545,0.345495,-0.427153,-0.178835,0.836001,0.218035,-0.470723,0.700767,-0.42215,-0.5424,0.191094,-0.204409,0.778386,0.504272,-0.313117,-0.166037,0.795038,0.494087,-0.310201,0.642201,-0.453264,-0.615088,0.061618,0.690087,-0.39394,-0.595778,0.116789,0.697731,-0.387523,-0.590154,0.121307,0.679467,-0.4316,-0.589076,0.070964,-0.573689,0.640438,0.246655,-0.447081,-0.398945,0.71568,0.169793,-0.547554,-0.178835,0.836001,0.218035,-0.470723,-0.166037,0.795038,0.494087,-0.310201,0.697731,-0.387523,-0.590154,0.121307
-0.699268,0.991179,-1.284393,-1.262384,3.059426,-2.056113,-0.683508,0.031521,-1.565258,-0.719261,0.196394,-0.978003,-1.114422,1.940372,-1.851994,-0.781275,-0.000531,-1.933537,-1.130224,-0.23025,-1.016289,-0.124701,-0.093392,-2.688822,-0.641889,-0.699135,-1.587347,-1.014437,4.043109,-1.720528,1.715114,-0.562026,-4.012701,1.235303,-2.277465,-2.023694,1.474857,1.898465,1.6764,-0.327873,1.002411,0.186498,-1.334694,1.071574,-1.096749,1.357122,2.471066,1.515434,-0.956953,0.076448,-0.150099,-1.559639,-0.25113,-0.000296,-1.046601,-0.88377,-0.449156,0.938178,-3.791205,-0.504071,-1.942047,1.322396,-1.997699,-0.439138,0.348987,0.691013,-0.384218,0.081671,0.731811,-0.346476,1.42864,1.90866,-0.376743,1.18925,1.58099,-0.404552,0.363254,1.06567,-0.536886,1.16659,2.99038,-0.491219,1.25307,3.42575,-0.116294,-0.165781,3.35543,0.046208,-0.34577,4.53663,-0.718227,0.177367,-0.625024,-0.286915,-2.10694,3.12003,-0.27014,-2.16017,3.1842,-0.360033,0.257399,0.711145,-1.02579,-0.636,0.595276,-0.957693,-0.86548,0.681114,-0.340975,0.014201,0.818121,-0.376743,1.18925,1.58099,-0.491219,1.25307,3.42575,0.046208,-0.34577,4.53663,-0.27014,-2.16017,3.1842,-0.957693,-0.86548,0.681114,0.607576,-0.579088,-0.44715,0.309136,0.65012,-0.459655,-0.545051,0.26264,-0.571978,0.622006,0.306249,-0.438363,-0.572207,0.621826,0.306836,-0.437907,0.60947,-0.549137,-0.477642,0.31441,-0.510126,0.631224,0.346997,-0.470022,-0.424416,0.693282,0.244096,-0.528818,-0.412387,0.704897,0.406497,-0.409656,-0.242083,0.805206,0.296163,-0.453129,0.716024,-0.350837,-0.57069,0.196305,-0.291389,0.709393,0.571919,-0.291141,-0.254232,0.731418,0.563546,-0.287768,0.655036,-0.432458,-0.611721,0.098514,0.708279,-0.389543,-0.570663,0.144707,0.715353,-0.383393,-0.564928,0.148782,0.668041,-0.425213,-0.602082,0.102043,-0.572207,0.621826,0.306836,-0.437907,-0.424416,0.693282,0.244096,-0.528818,-0.242083,0.805206,0.296163,-0.453129,-0.254232,0.731418,0.563546,-0.287768,0.715353,-0.383393,-0.564928,0.148782
0.024866,-0.70835,0.128717,0.255686,-1.293323,0.25524,0.182186,-0.689226,0.575538,0.089757,-1.046124,0.868311,0.204391,-0.969405,0.239708,0.241133,-0.975435,0.65238,0.010083,-1.408787,0.838413,0.146451,-1.169052,0.609234,-0.152029,-1.432941,0.546922,0.12691,-1.536363,0.147135,-0.50482,-0.982646,0.959019,-0.825654,-0.385574,1.047734,-0.977591,-0.534903,-0.579563,-0.689127,-0.117755,-0.246146,-0.6414,-0.132216,-0.137662,-0.919887,-0.50644,-0.538419,0.011285,-1.199663,0.997022,-0.278685,-1.59372,0.794372,-0.554688,-1.38069,0.412041,-1.106994,0.095685,1.111146,-0.640259,-0.297212,-0.203694,1.26877,0.361509,0.684941,1.08847,0.163564,1.94532,1.27482,0.44043,0.773706,1.37684,1.25964,1.88919,1.25452,0.512745,1.45302,1.19803,0.837779,2.24341,1.26028,0.946912,2.76811,1.24231,0.036039,3.35923,1.28504,-0.005513,3.64573,1.88344,-0.303758,2.47049,2.13859,-1.47021,4.36089,2.13765,-1.46758,4.3577,1.11368,-1.02492,-0.372597,0.701933,-0.896233,-0.529214,0.68341,-0.834222,-0.553767,1.01925,0.064752,-0.851036,1.37684,1.25964,1.88919,1.26028,0.946912,2.76811,1.28504,-0.005513,3.64573,2.13765,-1.46758,4.3577,0.68341,-0.834222,-0.553767,0.612131,-0.572113,-0.458747,0.295859,0.661732,-0.44158,-0.552888,0.247856,-0.580484,0.615676,0.325517,-0.421925,-0.581612,0.614664,0.328547,-0.419492,0.61862,-0.535842,-0.491537,0.297614,-0.528961,0.617901,0.372156,-0.4471,-0.449721,0.682387,0.273388,-0.507305,-0.441621,0.685206,0.425235,-0.393242,-0.280101,0.790742,0.320245,-0.440129,0.723068,-0.333955,-0.574316,0.189228,-0.316469,0.694083,0.582008,-0.281714,-0.282201,0.715929,0.574529,-0.278791,0.656213,-0.429769,-0.612733,0.096129,0.712545,-0.392483,-0.564562,0.139664,0.720561,-0.385416,-0.558079,0.144199,0.670161,-0.421928,-0.602384,0.099972,-0.581612,0.614664,0.328547,-0.419492,-0.449721,0.682387,0.273388,-0.507305,-0.280101,0.790742,0.320245,-0.440129,-0.282201,0.715929,0.574529,-0.278791,0.720561,-0.385416,-0.558079,0.144199
-0.163293,0.299503,0.008502,-0.355563,0.845675,-0.132561,-0.166857,-0.117854,-0.230482,-0.195703,-0.412851,-0.023088,-0.313052,0.544661,-0.107204,-0.092073,-0.194742,-0.263529,-0.20551,-0.766562,-0.018363,0.215084,-0.105506,-0.453299,-0.007878,-0.789347,-0.31473,-0.245723,1.081203,-0.034761,0.627332,0.207669,-0.876502,0.144851,-1.070223,-1.021024,0.692055,0.236977,0.708065,-0.042022,0.100986,-0.07149,-0.440966,0.178455,-0.730541,0.650033,0.252876,0.672272,-0.261476,-0.488117,0.079463,-0.455082,-1.118223,0.258567,-0.568424,-1.444329,-0.106539,-0.227918,-2.105928,-1.142682,-0.635715,0.354174,-1.080434,0.881949,-0.060394,0.18965,0.696034,0.097447,0.935105,0.920343,0.480964,0.869285,0.926324,0.528235,0.941445,0.860331,0.210472,0.7771,0.780716,0.591958,1.8725,0.836328,0.663344,2.29971,0.866376,-0.085928,2.34594,1.04977,-0.282154,3.43556,1.08575,-0.168586,1.01876,1.60263,-2.26478,3.99369,1.57454,-2.19971,3.92016,0.707672,-0.703869,-0.280993,0.542808,-0.597591,-0.356198,0.466013,-0.297784,-0.46521,0.66892,0.093474,-0.590492,0.926324,0.528235,0.941445,0.836328,0.663344,2.29971,1.04977,-0.282154,3.43556,1.57454,-2.19971,3.92016,0.466013,-0.297784,-0.46521,0.606486,-0.55699,-0.474017,0.311842,0.663817,-0.415463,-0.569938,0.248815,-0.573971,0.601901,0.350499,-0.430607,-0.581032,0.594786,0.368834,-0.415443,0.616536,-0.514359,-0.512876,0.30377,-0.536367,0.593395,0.411512,-0.436865,-0.465988,0.659164,0.323517,-0.493654,-0.473169,0.644419,0.466414,-0.378541,-0.328826,0.755352,0.37523,-0.424876,0.728523,-0.291087,-0.587823,0.19745,-0.403125,0.615311,0.621284,-0.269979,-0.368834,0.642775,0.615939,-0.267249,0.664643,-0.41874,-0.605714,0.126557,0.717677,-0.386359,-0.554786,0.16697,0.723493,-0.381229,-0.549756,0.170266,0.658031,-0.422298,-0.610829,0.124686,-0.581032,0.594786,0.368834,-0.415443,-0.465988,0.659164,0.323517,-0.493654,-0.328826,0.755352,0.37523,-0.424876,-0.368834,0.642775,0.615939,-0.267249,0.723493,-0.381229,-0.549756,0.170266
-0.022698,-0.146958,0.124533,-0.06452,0.005775,0.088032,-0.107922,-0.143604,-0.047996,-0.12408,-0.424361,0.151154,-0.058386,-0.077473,0.093981,0.085572,-0.434366,0.076889,0.04679,-0.859595,0.221601,0.243975,-0.443436,-0.034808,0.148829,-0.655179,0.011993,-0.029964,0.069015,0.11598,0.313614,-0.219554,-0.180062,0.116632,-0.743115,-0.309353,0.215282,-0.174818,0.320747,-0.009432,-0.066654,0.063365,-0.12755,0.082025,-0.109515,0.208254,-0.169194,0.313656,-0.153642,-0.441086,0.193148,-0.09777,-1.133529,0.345875,-0.105806,-0.969828,0.058233,-0.037007,-1.165797,-0.415308,-0.196036,0.202296,-0.213805,-0.039079,0.428977,0.523368,-0.018034,0.085285,0.194748,-0.06426,0.055051,0.055828,0.06579,1.08179,1.61399,-0.027857,0.270161,0.587776,-0.057078,0.410031,0.990991,-0.022454,0.453906,1.24241,0.158067,-0.0934,1.60895,-0.009483,0.074994,0.645201,-0.021412,0.050955,0.126664,0.084373,-0.355245,0.702962,0.095462,-0.379855,0.730953,0.011894,0.516862,0.144178,-0.04439,0.622713,0.112022,0.078824,0.153514,0.283278,0.039939,0.011873,0.340381,0.06579,1.08179,1.61399,-0.022454,0.453906,1.24241,-0.009483,0.074994,0.645201,0.095462,-0.379855,0.730953,0.078824,0.153514,0.283278,0.60881,-0.553709,-0.479736,0.304319,0.668461,-0.408052,-0.572894,0.241756,-0.578166,0.598834,0.359361,-0.421879,-0.585428,0.591051,0.378746,-0.405566,0.621215,-0.507433,-0.51987,0.293835,-0.545582,0.585956,0.423433,-0.42391,-0.478249,0.652571,0.337342,-0.481279,-0.484645,0.635538,0.473156,-0.370585,-0.343847,0.748012,0.383961,-0.418116,0.731235,-0.284246,-0.589037,0.19374,-0.412751,0.607957,0.624157,-0.26543,-0.379598,0.635226,0.619103,-0.262878,0.661569,-0.418966,-0.609623,0.123102,0.71398,-0.388693,-0.559304,0.162267,0.719606,-0.383781,-0.554531,0.165455,0.659663,-0.419993,-0.611089,0.122557,-0.585428,0.591051,0.378746,-0.405566,-0.478249,0.652571,0.337342,-0.481279,-0.343847,0.748012,0.383961,-0.418116,-0.379598,0.635226,0.619103,-0.262878,0.719606,-0.383781,-0.554531,0.165455
0.022462,-0.182612,0.015725,0.040183,-0.108918,-0.006041,0.01614,-0.181641,0.039885,0.019316,-0.029828,-0.032238,0.041291,-0.138521,-0.004819,0.101399,-0.279294,-0.003103,0.113153,-0.661776,0.130491,0.077048,-0.157461,0.004867,0.052355,-0.803595,-0.029344,0.011416,-0.073883,0.016649,0.116231,-0.157355,-0.058009,0.083391,-0.419556,-0.170105,-0.15325,-9.8e-05,0.153772,-0.078736,0.039342,0.243561,-0.107751,0.016019,0.190853,-0.157391,0.126836,0.144863,0.015326,-0.537669,0.31517,0.006306,-0.976613,0.239106,-0.013159,-0.940095,0.008968,0.055025,-0.632861,-0.261192,-0.237923,-0.155296,-0.201545,0.520847,0.154949,0.344317,0.376551,0.128831,0.051668,0.510279,-0.00094,0.142503,0.56884,0.459437,0.867952,0.493611,0.097608,0.274086,0.448796,0.306967,0.913877,0.486651,0.349716,1.1736,0.605792,-0.118968,1.81273,0.642642,-0.156091,2.01335,0.502547,0.025638,0.16339,0.944731,-1.66874,2.48449,0.914001,-1.60385,2.41081,0.418813,-0.278622,-0.126531,0.641773,-0.151553,-0.052599,0.584643,0.06791,-0.128157,0.399165,0.094386,-0.264791,0.56884,0.459437,0.867952,0.486651,0.349716,1.1736,0.642642,-0.156091,2.01335,0.914001,-1.60385,2.41081,0.584643,0.06791,-0.128157,0.607248,-0.547411,-0.488454,0.304966,0.664438,-0.406004,-0.577165,0.246097,-0.57363,0.596595,0.360798,-0.429938,0.591986,-0.575503,-0.409944,0.387679,0.619709,-0.500884,-0.527086,0.29539,-0.549959,0.575715,0.439383,-0.415981,-0.487983,0.641082,0.359318,-0.470932,-0.507674,0.60765,0.494676,-0.358224,-0.360955,0.733904,0.402898,-0.410816,0.729241,-0.278511,-0.592606,0.198642,-0.452412,0.571221,0.632705,-0.262134,-0.419189,0.601098,0.62879,-0.259972,0.66118,-0.414444,-0.611838,0.129349,0.712057,-0.383996,-0.563055,0.168794,0.722088,-0.375219,-0.554355,0.174612,0.65687,-0.416741,-0.615178,0.128086,0.591986,-0.575503,-0.409944,0.387679,-0.487983,0.641082,0.359318,-0.470932,-0.360955,0.733904,0.402898,-0.410816,-0.419189,0.601098,0.62879,-0.259972,0.722088,-0.375219,-0.554355,0.174612
0.052236,0.003788,0.068308,-0.004258,0.190283,0.031819,0.163322,-0.288765,0.093998,0.160409,-0.410032,0.169777,0.012859,0.093523,0.032365,0.105884,-0.15073,-0.074353,0.128867,-0.509268,0.00563,0.055042,0.102964,-0.042517,0.066347,-0.335001,-0.06464,0.009594,0.26812,0.07302,0.100063,0.216268,-0.11868,0.031337,-0.400274,-0.491056,0.202855,0.046984,0.306624,0.118031,-0.142697,0.210036,0.068514,-0.248711,0.086388,0.179056,0.106589,0.286285,0.160623,-0.467271,0.192556,0.067334,-0.730502,0.093446,-0.168481,-0.817773,-0.036425,-0.031173,-0.885785,-0.777266,0.082661,-0.243423,0.117131,-0.16335,0.34609,0.590534,-0.144148,-0.032642,0.10515,-0.169035,0.253475,0.470622,-0.224575,-0.19586,-0.236518,-0.198721,0.181988,0.400058,-0.179638,0.093174,0.127724,-0.195214,0.075629,0.022629,-0.170129,-0.005214,-0.092234,-0.139291,-0.035593,0.073973,-0.226548,0.03275,-0.140292,-0.216817,-0.004097,-0.089787,-0.207788,-0.02281,-0.068356,-0.172497,0.234331,0.024946,-0.023226,0.762201,0.042884,-0.182051,1.36207,-0.157038,-0.159638,-0.012175,0.116541,-0.224575,-0.19586,-0.236518,-0.195214,0.075629,0.022629,-0.139291,-0.035593,0.073973,-0.207788,-0.02281,-0.068356,-0.182051,1.36207,-0.157038,0.609861,-0.542995,-0.494288,0.29817,0.666308,-0.403133,-0.578235,0.243231,-0.577465,0.59291,0.368363,-0.423439,0.590887,-0.577407,-0.404361,0.392361,0.622155,-0.496978,-0.530752,0.290239,-0.553181,0.572612,0.443782,-0.411295,-0.491118,0.639277,0.363005,-0.467286,-0.510562,0.605429,0.496224,-0.35573,-0.373415,0.725959,0.410498,-0.406246,0.729754,-0.277233,-0.592868,0.19776,-0.462199,0.563472,0.633453,-0.260017,-0.429259,0.593735,0.629788,-0.258035,0.66042,-0.415243,-0.612183,0.129035,0.70838,-0.382537,-0.568646,0.168835,0.710531,-0.380696,-0.566819,0.170094,0.656648,-0.417249,-0.615101,0.127933,0.590887,-0.577407,-0.404361,0.392361,-0.491118,0.639277,0.363005,-0.467286,-0.373415,0.725959,0.410498,-0.406246,-0.429259,0.593735,0.629788,-0.258035,0.710531,-0.380696,-0.566819,0.170094
-0.023131,0.052326,0.001433,-0.010593,-0.05485,0.026279,0.066584,-0.125148,0.063982,0.058911,-0.304079,0.109101,-0.015492,-0.002198,0.024577,0.109547,-0.159918,0.183788,0.1249,-0.28268,0.250056,0.092934,-0.186936,0.076857,0.101811,-0.319306,0.058543,-0.009524,-0.10109,0.00069,0.022845,-0.143999,0.073617,0.015852,-0.267733,-0.013106,-0.034781,-0.029521,-0.157785,0.046773,-0.067785,-0.066535,0.113738,-0.102603,0.047636,-0.027541,-0.099296,-0.149789,0.054458,-0.289885,0.053621,0.099109,-0.381412,0.272545,0.025205,-0.449559,0.019031,0.006511,-0.362679,-0.080887,0.210864,-0.055133,0.308276,0.07822,-0.040698,0.012641,0.042002,0.033334,-0.101837,0.07095,-0.163928,-0.146919,0.136298,0.377997,0.706073,0.034714,0.053292,-0.022444,0.024126,0.104918,0.135476,0.058462,0.143034,0.361399,0.14711,-0.078495,0.69786,0.040669,0.025889,0.126203,0.031829,0.040715,-0.063363,0.170395,-0.49214,0.668818,0.161076,-0.472895,0.646557,0.046932,-0.035332,-0.003465,0.069629,0.050098,-0.000416,0.122404,-0.145031,0.063397,0.043273,0.032752,-0.028756,0.136298,0.377997,0.706073,0.058462,0.143034,0.361399,0.040669,0.025889,0.126203,0.161076,-0.472895,0.646557,0.122404,-0.145031,0.063397,0.611063,-0.540649,-0.49779,0.294119,0.665026,-0.404975,-0.577786,0.244745,-0.577723,0.592599,0.367568,-0.424213,0.594407,-0.572895,-0.412671,0.384934,0.622252,-0.496492,-0.532554,0.287548,-0.55355,0.572653,0.445466,-0.408914,-0.493114,0.638316,0.366277,-0.463932,-0.516573,0.599029,0.499973,-0.352623,-0.372452,0.726757,0.409981,-0.406225,0.728207,-0.280967,-0.592651,0.198838,-0.471592,0.556732,0.632681,-0.259547,-0.438685,0.587475,0.629267,-0.257781,0.659526,-0.415334,-0.613253,0.128235,0.703151,-0.383682,-0.575191,0.1659,0.705044,-0.382086,-0.573611,0.167015,0.656685,-0.416845,-0.615446,0.127403,0.594407,-0.572895,-0.412671,0.384934,-0.493114,0.638316,0.366277,-0.463932,-0.372452,0.726757,0.409981,-0.406225,-0.438685,0.587475,0.629267,-0.257781,0.705044,-0.382086,-0.573611,0.167015
0.023085,-0.062636,0.159627,0.005299,-0.086662,0.168932,-0.057507,-0.007814,0.034662,-0.062536,-0.013356,-0.015419,0.009716,-0.077698,0.167081,0.010804,-0.06385,0.196824,0.019679,-0.135967,0.233521,0.072934,-0.179268,0.181412,0.084756,-0.348297,0.165173,0.01334,-0.098314,0.161361,0.100449,-0.178728,0.139995,0.096069,-0.407262,0.010109,0.089926,-0.134279,0.100636,0.046817,-0.108529,0.054584,-0.038871,-0.167063,-0.099512,0.084226,-0.183525,0.097532,-0.0672,-0.047585,-0.031833,-0.006018,-0.236124,0.26097,0.000305,-0.504231,0.147828,0.090197,-0.58134,-0.086635,-0.08635,-0.203815,-0.219689,-0.004193,0.292956,0.199566,0.057265,0.014824,-0.18432,-0.014262,0.122856,-0.020727,-0.028404,0.005924,-0.204809,0.047602,0.034478,0.059588,0.063879,-0.045254,-0.184434,0.033333,-0.079063,-0.384886,0.018029,0.056424,-0.481633,0.005299,0.068874,-0.549791,-0.01549,0.06205,-0.218786,-0.080819,0.3123,-0.562567,-0.074716,0.29972,-0.54802,0.058467,0.140866,0.040218,-0.059031,0.475147,-0.022919,-0.078928,0.548555,-0.046909,0.065688,0.00794,0.089576,-0.028404,0.005924,-0.204809,0.033333,-0.079063,-0.384886,0.005299,0.068874,-0.549791,-0.074716,0.29972,-0.54802,-0.078928,0.548555,-0.046909,0.611046,-0.540548,-0.498051,0.293897,0.664949,-0.404876,-0.578012,0.244582,-0.577745,0.592547,0.36786,-0.424003,0.594416,-0.572824,-0.412959,0.384717,0.622215,-0.496393,-0.532794,0.287355,-0.553543,0.572603,0.445721,-0.408716,-0.493136,0.638296,0.366533,-0.463732,-0.51654,0.598992,0.500193,-0.352422,-0.37246,0.726765,0.410183,-0.406001,0.728107,-0.280846,-0.592877,0.198702,-0.471525,0.556675,0.632873,-0.259324,-0.438624,0.587423,0.629453,-0.25755,0.659445,-0.415203,-0.613467,0.128051,0.703067,-0.383554,-0.575427,0.165732,0.704959,-0.381958,-0.573849,0.166847,0.656613,-0.41671,-0.615652,0.12722,0.594416,-0.572824,-0.412959,0.384717,-0.493136,0.638296,0.366533,-0.463732,-0.37246,0.726765,0.410183,-0.406001,-0.438624,0.587423,0.629453,-0.25755,0.704959,-0.381958,-0.573849,0.166847
0.074745,-0.122714,-0.061618,0.083283,-0.07877,-0.074332,0.124561,-0.181512,0.003683,0.127343,-0.145615,0.007553,0.084505,-0.096682,-0.073646,0.079005,-0.105124,-0.108505,0.079472,-0.122531,-0.108606,-0.00924,0.045096,-0.078575,-0.002914,-0.093578,-0.097105,0.066887,-0.05802,-0.060808,-0.036895,0.034877,-0.037923,-0.045033,0.092251,-0.025358,-0.023021,-0.018979,0.021076,-0.008079,-0.059911,0.038731,0.067508,0.005509,0.190218,-0.026055,0.05356,0.016451,0.149974,-0.348191,0.151178,0.076761,-0.130937,-0.100096,0.08081,0.056247,-0.0653,-0.05283,0.131936,-0.01938,0.076677,0.008325,0.220601,0.066753,0.184983,0.117998,0.091676,0.04322,-0.294141,0.05233,-0.029369,-0.160286,0.113269,0.440465,0.581515,0.092041,0.031989,-0.01457,0.093657,0.023979,-0.039405,0.09517,0.025597,-0.029496,0.161348,-0.034178,0.23619,0.01525,0.114453,-0.549546,0.018573,0.083374,-0.281521,0.05718,-0.070247,-0.071432,0.058627,-0.073313,-0.067918,0.110055,0.075768,0.047438,-0.101225,0.412146,-0.045102,-0.044888,0.208948,0.020576,0.113365,0.018874,0.068253,0.113269,0.440465,0.581515,0.09517,0.025597,-0.029496,0.01525,0.114453,-0.549546,0.058627,-0.073313,-0.067918,-0.044888,0.208948,0.020576,0.609943,-0.539246,-0.503875,0.288606,0.66137,-0.408253,-0.57761,0.249572,-0.5755,0.594376,0.367451,-0.424849,0.594252,-0.571821,-0.418578,0.380365,0.621472,-0.495289,-0.534502,0.287696,-0.550898,0.573373,0.445391,-0.41156,-0.488871,0.640177,0.364583,-0.467181,-0.513415,0.599667,0.500491,-0.355405,-0.360919,0.732707,0.405477,-0.410446,0.725017,-0.286239,-0.592855,0.202337,-0.465792,0.560907,0.631949,-0.262797,-0.432838,0.591245,0.628484,-0.260938,0.65781,-0.413544,-0.616387,0.127806,0.695798,-0.387121,-0.58331,0.160475,0.698653,-0.384758,-0.58099,0.16216,0.656915,-0.41402,-0.617076,0.127541,0.594252,-0.571821,-0.418578,0.380365,-0.488871,0.640177,0.364583,-0.467181,-0.360919,0.732707,0.405477,-0.410446,-0.432838,0.591245,0.628484,-0.260938,0.698653,-0.384758,-0.58099,0.16216
0.094009,-0.07818,0.003939,0.094194,-0.026026,-0.009131,0.051114,-0.025898,-0.035135,0.05347,0.084522,-0.092182,0.098792,-0.048301,-0.009278,0.035336,0.013492,-0.115294,0.03838,-0.067808,-0.118847,-0.032589,0.149481,0.00862,-0.023225,-0.309072,-0.046922,0.076649,-0.002009,0.006446,-0.022778,0.089569,0.026421,-0.041007,0.003594,-0.056851,0.001664,0.024473,0.091782,-0.037029,0.017722,0.053195,-0.011118,0.088134,0.119772,-0.006436,0.098043,0.083589,0.078974,-0.270498,0.138321,0.017364,-0.13789,-0.104339,0.064224,-0.169184,-0.005366,-0.059829,-0.068166,-0.124242,-0.067467,0.058554,0.002111,-0.068528,0.150527,0.124073,-0.02657,-0.03856,0.077529,-0.070817,0.116744,0.080214,-0.155015,-0.529685,-0.940383,-0.054773,0.041259,0.07384,-0.036237,-0.051038,-0.212341,-0.065969,-0.082756,-0.40663,-0.146352,0.094298,-0.832632,0.026148,-0.081027,0.093983,-0.032822,-0.018536,0.032142,-0.104521,0.266545,-0.357701,-0.10524,0.268067,-0.359446,-0.056845,0.071147,-0.061821,0.156463,0.136241,0.010729,0.059162,0.487248,-0.102683,-0.052419,-0.004968,-0.033974,-0.155015,-0.529685,-0.940383,-0.065969,-0.082756,-0.40663,0.026148,-0.081027,0.093983,-0.10524,0.268067,-0.359446,0.059162,0.487248,-0.102683,0.609846,-0.539317,-0.503947,0.288552,0.661253,-0.408357,-0.577667,0.24958,-0.57542,0.594465,0.367513,-0.424779,0.594165,-0.571906,-0.418643,0.380302,0.621366,-0.495375,-0.53456,0.287668,-0.550797,0.573471,0.445428,-0.411518,-0.488775,0.640276,0.364608,-0.467126,-0.513275,0.599781,0.500512,-0.355387,-0.360774,0.732809,0.40547,-0.4104,0.724916,-0.286327,-0.592934,0.202344,-0.465658,0.560987,0.631987,-0.262773,-0.432701,0.591323,0.628517,-0.260909,0.657689,-0.413613,-0.616473,0.127787,0.695677,-0.38719,-0.583413,0.160458,0.69853,-0.384829,-0.581095,0.162143,0.656807,-0.414082,-0.617153,0.127525,0.594165,-0.571906,-0.418643,0.380302,-0.488775,0.640276,0.364608,-0.467126,-0.360774,0.732809,0.40547,-0.4104,-0.432701,0.591323,0.628517,-0.260909,0.69853,-0.384829,-0.581095,0.162143
-0.056189,0.01803,-0.028214,-0.058572,-0.010121,-0.020718,0.048021,-0.151223,0.049102,0.044139,-0.297814,0.117551,-0.061921,0.000659,-0.020295,0.046886,-0.117333,0.14069,0.047259,-0.046449,0.179754,0.071566,-0.192773,-0.061878,0.051897,0.30899,-0.001447,-0.042683,-0.02369,-0.03027,0.03409,-0.092894,-0.058125,0.044656,-0.027327,0.005893,0.030484,-0.061107,-0.079288,0.080482,-0.101868,-0.028121,0.09819,-0.159551,-0.017009,0.036623,-0.115673,-0.073069,0.016439,-0.017303,-0.074088,0.058745,-0.008432,0.194126,-0.031696,0.171849,-0.036592,0.056403,0.027051,0.057669,0.174478,-0.121346,0.158235,-0.02786,0.22164,0.261953,0.01315,-0.050406,0.071065,-0.03449,0.129074,0.142511,-0.107956,-0.413552,-0.708341,-0.05735,0.137789,0.135728,-0.035638,0.025292,-0.211265,-0.046997,0.013272,-0.285348,-0.121036,0.100758,-0.963584,0.063348,-0.093121,0.047902,-0.018131,-0.008878,-0.040648,-0.068807,0.194577,-0.319468,-0.069682,0.196459,-0.321614,-0.025087,0.092525,-0.076926,0.150199,0.293837,-0.024499,0.056083,0.629068,-0.1288,-0.019362,-0.007833,-0.040099,-0.107956,-0.413552,-0.708341,-0.046997,0.013272,-0.285348,0.063348,-0.093121,0.047902,-0.069682,0.196459,-0.321614,0.056083,0.629068,-0.1288,0.610125,-0.538362,-0.508178,0.282257,0.66195,-0.407782,-0.577155,0.249855,-0.575924,0.595215,0.369102,-0.421657,0.588283,-0.58089,-0.402507,0.393037,0.621825,-0.49491,-0.535969,0.284843,-0.547929,0.576564,0.442318,-0.414369,-0.48327,0.644913,0.358414,-0.471251,-0.499868,0.613072,0.492093,-0.363483,-0.360349,0.731991,0.405252,-0.412441,0.724717,-0.287633,-0.592444,0.202641,-0.456953,0.568423,0.631,-0.264437,-0.423688,0.59845,0.627278,-0.262426,0.655699,-0.415254,-0.617598,0.127265,0.690834,-0.386334,-0.589747,0.160291,0.688268,-0.388413,-0.591792,0.158762,0.656767,-0.414688,-0.616777,0.127582,0.588283,-0.58089,-0.402507,0.393037,-0.48327,0.644913,0.358414,-0.471251,-0.360349,0.731991,0.405252,-0.412441,-0.423688,0.59845,0.627278,-0.262426,0.688268,-0.388413,-0.591792,0.158762
-0.044093,0.148791,0.019758,-0.067948,0.192503,0.013313,0.10429,-0.165644,0.067708,0.095855,-0.283104,0.073423,-0.066047,0.165201,0.014355,0.048256,-0.039287,0.035821,0.048678,-0.070793,0.03638,0.047955,0.023008,-0.049572,0.046614,0.171987,-0.0314,-0.04195,0.208678,0.018931,0.071664,0.113431,-0.089098,0.069849,0.016602,-0.118796,0.125756,0.072347,0.060516,-0.036121,-0.073836,-0.117328,0.020112,-0.026911,-0.01536,0.125468,0.031673,0.061378,0.08695,-0.260181,0.00784,0.060571,-0.032094,0.036642,-0.044399,0.010793,-0.042662,0.068963,-0.063006,-0.143286,0.0927,0.050952,0.161139,-0.041501,0.018757,-0.201381,-0.007936,0.059218,-0.29755,-0.047746,-0.067784,-0.313007,-0.013475,0.184303,0.082116,0.074202,-0.170929,-0.168617,0.067508,-0.136075,-0.061191,0.034937,-0.170522,-0.273313,0.094507,-0.055992,0.491779,-0.080377,0.127706,-0.467209,-0.032412,0.056878,-0.153777,-0.033394,0.060822,-0.159183,-0.031986,0.05779,-0.155727,0.026468,0.042454,0.060325,-0.090564,0.059904,0.019214,-0.041435,-0.115278,0.073741,0.027971,0.015969,0.07005,-0.013475,0.184303,0.082116,0.034937,-0.170522,-0.273313,-0.080377,0.127706,-0.467209,-0.031986,0.05779,-0.155727,-0.041435,-0.115278,0.073741,0.610017,-0.538544,-0.508118,0.282251,0.661854,-0.40798,-0.577119,0.249871,-0.575828,0.595388,0.369007,-0.421626,0.588184,-0.581068,-0.402419,0.393012,0.621723,-0.495097,-0.535913,0.284845,-0.54783,0.576738,0.442225,-0.414357,-0.483169,0.645071,0.358298,-0.471225,-0.499745,0.613245,0.492,-0.363485,-0.360215,0.732132,0.405128,-0.412431,0.72464,-0.287837,-0.592433,0.202656,-0.456824,0.568591,0.630931,-0.264465,-0.423553,0.598612,0.627204,-0.262454,0.655588,-0.415437,-0.61759,0.127275,0.690732,-0.386522,-0.589742,0.160295,0.688164,-0.388602,-0.591787,0.158766,0.656663,-0.414868,-0.616764,0.127594,0.588184,-0.581068,-0.402419,0.393012,-0.483169,0.645071,0.358298,-0.471225,-0.360215,0.732132,0.405128,-0.412431,-0.423553,0.598612,0.627204,-0.262454,0.688164,-0.388602,-0.591787,0.158766
0.064652,-0.074078,0.048584,0.047663,0.046194,0.020755,0.076386,-0.076339,0.075861,0.083023,0.059832,0.0452,0.057306,-0.011215,0.021587,-0.035478,0.021558,-0.235092,-0.0512,0.071653,-0.350322,-0.055182,0.18524,0.007747,-0.051415,-0.142511,-0.010108,0.035002,0.09908,0.051277,0.05295,0.090833,-0.034455,0.055827,0.03057,-0.038734,0.021917,0.051396,0.228194,-0.02575,-0.03014,0.178472,-0.026182,-0.03144,0.17736,0.007104,0.150303,0.21409,0.089209,-0.038298,0.148192,-0.045368,0.103206,-0.383331,-0.017376,-0.112862,0.045423,0.059286,-0.0237,-0.044843,-0.064465,-0.070077,0.085796,-0.199456,0.065229,-0.235714,-0.084558,0.008062,-0.265163,-0.19415,0.127581,-0.155976,-0.237517,-0.164262,-0.609581,-0.161664,0.045685,-0.190801,-0.156532,0.019995,-0.269999,-0.134953,0.043128,-0.125716,-0.122646,0.051287,-0.55933,-0.128781,0.05777,-0.593016,-0.205615,0.087088,-0.322173,-0.251349,0.274992,-0.581039,-0.251462,0.27524,-0.581322,-0.103619,0.528533,-0.011717,0.152609,0.031093,0.094705,0.144025,0.06125,0.085382,-0.070647,-0.002951,0.18326,-0.237517,-0.164262,-0.609581,-0.134953,0.043128,-0.125716,-0.128781,0.05777,-0.593016,-0.251462,0.27524,-0.581322,0.144025,0.06125,0.085382,0.607438,-0.542588,-0.507224,0.281676,0.658454,-0.413287,-0.575693,0.253395,-0.572894,0.600012,0.364997,-0.422558,-0.585269,0.585845,0.398626,-0.394135,0.621113,-0.496538,-0.533485,0.288204,-0.546409,0.577821,0.439226,-0.4179,-0.479246,0.647501,0.352777,-0.47604,-0.500084,0.612528,0.492469,-0.363595,-0.350451,0.738537,0.399145,-0.415248,0.72252,-0.293192,-0.591954,0.203946,-0.449786,0.575356,0.628998,-0.266494,-0.41632,0.60501,0.62508,-0.264415,0.652951,-0.415554,-0.620829,0.124665,0.689161,-0.38622,-0.59224,0.158568,0.687517,-0.387549,-0.593543,0.157584,0.657578,-0.413104,-0.617291,0.126046,-0.585269,0.585845,0.398626,-0.394135,-0.479246,0.647501,0.352777,-0.47604,-0.350451,0.738537,0.399145,-0.415248,-0.41632,0.60501,0.62508,-0.264415,0.687517,-0.387549,-0.593543,0.157584
0.082046,-0.15969,-0.09719,0.126143,-0.194567,-0.096988,0.026805,-0.030586,-0.104105,0.027688,-0.156638,0.02818,0.121441,-0.167085,-0.097148,0.065658,0.012458,0.035269,0.055212,0.301737,0.039521,0.037965,-0.069224,-0.08767,0.03595,0.406743,-0.030882,0.082484,-0.204851,-0.097201,-0.108025,-0.038963,0.051101,-0.116013,0.081806,0.07697,-0.209066,0.008661,-0.100666,0.154181,0.16365,0.288804,0.055474,-0.043806,0.079015,-0.20664,0.108702,-0.102131,0.026599,-0.001131,-0.035052,0.041699,0.253901,0.075677,-0.019498,0.331568,-0.041797,-0.122017,0.189347,0.105325,0.134992,-0.050999,0.226812,-0.243779,-0.108189,-0.103956,-0.21446,-0.06097,0.003769,-0.231874,0.029305,0.069261,-0.263874,-0.183461,-0.256101,-0.296537,0.082762,-0.002946,-0.302489,0.11694,0.098857,-0.334737,0.08169,-0.10775,-0.258451,-0.012322,-0.340374,-0.246464,-0.024884,-0.273538,-0.301012,0.012021,-0.210662,-0.309351,0.046724,-0.25929,-0.308324,0.044448,-0.256664,-0.245336,0.097316,-0.009327,-0.117581,0.056678,0.033577,-0.148428,0.164538,0.000457,-0.237039,-0.028411,0.037669,-0.263874,-0.183461,-0.256101,-0.334737,0.08169,-0.10775,-0.246464,-0.024884,-0.273538,-0.308324,0.044448,-0.256664,-0.148428,0.164538,0.000457,0.607605,-0.545984,-0.503297,0.2818,0.659508,-0.414775,-0.574034,0.251984,-0.574575,0.601249,0.364907,-0.418577,-0.584189,0.590338,0.391242,-0.396426,0.620363,-0.500954,-0.532249,0.284441,-0.546598,0.581893,0.437348,-0.413953,-0.482097,0.649282,0.353068,-0.470487,-0.494297,0.620427,0.48625,-0.366472,-0.349002,0.740779,0.395262,-0.416187,0.721941,-0.298701,-0.590328,0.20271,-0.446462,0.581525,0.625592,-0.26671,-0.412793,0.610991,0.621468,-0.264707,0.648663,-0.419051,-0.623903,0.119904,0.690678,-0.383997,-0.591616,0.159687,0.687872,-0.386274,-0.593853,0.158,0.658993,-0.413577,-0.616085,0.122969,-0.584189,0.590338,0.391242,-0.396426,-0.482097,0.649282,0.353068,-0.470487,-0.349002,0.740779,0.395262,-0.416187,-0.412793,0.610991,0.621468,-0.264707,0.687872,-0.386274,-0.593853,0.158
0.009233,0.061543,-0.020621,0.042297,-0.076838,0.008966,-0.065335,0.21461,-0.053007,-0.069931,0.122218,-0.00231,0.032802,-0.005645,0.007111,0.053733,0.022072,0.127609,0.048747,0.09505,0.124218,0.018355,-0.037412,0.057462,0.013386,0.235364,0.064022,0.032148,-0.135218,-0.021607,-0.15998,0.02588,0.174272,-0.183631,0.11824,0.141414,-0.089934,0.014962,-0.208634,-0.008267,0.096789,-0.121785,-0.031282,0.048474,-0.166994,-0.077171,-0.037538,-0.197658,-0.071943,0.2437,-0.087098,0.074734,0.184212,0.08273,-0.052679,0.175813,0.010907,-0.206282,0.204682,0.123019,0.091611,0.151219,0.133227,-0.079464,0.125971,-0.055602,-0.070276,-0.00039,-0.012144,-0.111409,-0.232194,-0.501223,-0.066509,0.064882,-0.05264,0.019684,-0.089397,0.069544,0.000623,0.015801,0.378768,-0.106887,-0.107007,-0.317598,0.020704,-0.098498,0.708334,-0.264091,0.192744,-0.890423,0.027474,-0.068496,0.152523,-0.03969,0.214066,-0.248061,-0.028445,0.188934,-0.21884,-0.047213,-0.354811,-0.070444,-0.252417,0.497701,-0.177173,0.024769,-0.46325,0.123774,-0.069142,-0.007641,-0.202472,-0.066509,0.064882,-0.05264,-0.106887,-0.107007,-0.317598,-0.264091,0.192744,-0.890423,-0.028445,0.188934,-0.21884,0.024769,-0.46325,0.123774,0.607681,-0.548229,-0.501733,0.280058,0.659849,-0.41722,-0.572179,0.251272,-0.574093,0.604066,0.359738,-0.419655,-0.584262,0.592705,0.387663,-0.396303,0.621975,-0.501229,-0.53062,0.283478,-0.549863,0.58064,0.437536,-0.41118,-0.479479,0.653567,0.345403,-0.472913,-0.498652,0.618468,0.486126,-0.364039,-0.341998,0.747211,0.387544,-0.417759,0.722166,-0.301657,-0.588882,0.201734,-0.443169,0.586491,0.623115,-0.267129,-0.409635,0.615532,0.61887,-0.26518,0.651402,-0.420221,-0.620265,0.119838,0.686972,-0.388611,-0.594267,0.15459,0.687702,-0.388022,-0.593693,0.155027,0.658978,-0.416189,-0.614522,0.122053,-0.584262,0.592705,0.387663,-0.396303,-0.479479,0.653567,0.345403,-0.472913,-0.341998,0.747211,0.387544,-0.417759,-0.409635,0.615532,0.61887,-0.26518,0.687702,-0.388022,-0.593693,0.155027
-0.069326,0.137021,0.01453,-0.094914,0.142063,0.018086,0.0128,0.070394,0.128454,0.02042,0.307044,-0.024945,-0.093345,0.13274,0.018244,-0.15417,0.206883,-0.05808,-0.13907,-0.014452,-0.012386,-0.150341,0.223008,0.03959,-0.150653,-0.149469,-0.01615,-0.065223,0.141091,0.013784,0.073614,0.016859,-0.0773,0.115264,0.163577,0.06419,0.122445,0.011912,-0.00821,-0.031746,-0.081715,-0.174434,0.166085,0.149824,0.18566,0.123061,-0.066,-0.004954,0.021495,0.233411,0.026262,-0.101939,0.099576,-0.041797,0.138633,0.307628,0.011126,0.152004,0.265154,0.164465,0.032309,0.050279,-0.127833,0.047847,0.062856,0.033774,0.028716,0.012812,0.063788,0.029776,-0.127929,-0.203757,0.067107,0.112803,0.160336,0.026347,0.040646,-0.049205,0.009221,0.135105,0.229772,0.004837,0.130133,0.2018,0.064793,-0.025745,0.347546,-0.109094,0.149,-0.618882,0.136654,-0.063357,0.279549,0.072563,0.199893,-0.090898,0.080305,0.182694,-0.071097,0.035943,-0.067445,-0.086191,-0.06073,0.189406,-0.128797,0.205302,-0.743467,0.163764,0.031957,0.00333,-0.11308,0.067107,0.112803,0.160336,0.004837,0.130133,0.2018,-0.109094,0.149,-0.618882,0.080305,0.182694,-0.071097,0.205302,-0.743467,0.163764,0.606431,-0.54898,-0.502704,0.279556,0.66047,-0.416042,-0.572781,0.250221,-0.571253,0.606673,0.35485,-0.423909,-0.583985,0.592568,0.389705,-0.39491,0.621853,-0.500672,-0.531244,0.283561,-0.55237,0.577958,0.441525,-0.407317,-0.480593,0.653277,0.347053,-0.470972,-0.50496,0.612469,0.490027,-0.360237,-0.33218,0.754155,0.380892,-0.419318,0.724216,-0.295862,-0.58965,0.200724,-0.439039,0.587818,0.62497,-0.266696,-0.405972,0.616352,0.620704,-0.264618,0.652603,-0.420988,-0.617902,0.122782,0.68287,-0.392701,-0.596667,0.153175,0.697151,-0.381096,-0.58532,0.161697,0.657544,-0.418371,-0.614144,0.124213,-0.583985,0.592568,0.389705,-0.39491,-0.480593,0.653277,0.347053,-0.470972,-0.33218,0.754155,0.380892,-0.419318,-0.405972,0.616352,0.620704,-0.264618,0.697151,-0.381096,-0.58532,0.161697
0.05661,-0.037774,-0.065579,0.062961,0.002837,-0.077497,0.369774,-0.70921,0.090106,0.352433,-0.607941,-0.188636,0.061081,-0.016125,-0.075582,-0.335164,0.620522,-0.237699,-0.317769,0.493691,-0.149693,-0.328066,0.532002,-0.064205,-0.331945,0.136957,-0.152575,0.061247,0.02103,-0.067479,0.254266,-0.152003,-0.185771,0.341718,0.246859,0.169115,0.03889,0.013852,0.006257,-0.077465,-0.12606,-0.11991,0.352008,0.315902,0.695077,0.041519,0.052718,0.006545,0.329188,-1.050208,-0.046818,-0.21129,0.849771,-0.200616,0.320366,1.322512,-0.055787,0.423549,0.540544,0.431518,0.176972,0.168375,0.271071,-0.062697,-0.078158,-0.187074,-0.021264,-0.009517,0.147608,-0.038976,0.172214,0.124608,-0.084926,-0.124034,-0.323393,-0.013221,0.026035,0.207957,0.007671,-0.08928,-0.132594,0.046201,-0.045592,0.113112,-0.076467,0.049396,-0.286164,0.161265,-0.189238,1.03413,-0.097718,0.045044,-0.19408,-0.02128,-0.268528,0.247224,-0.028875,-0.251666,0.227809,-0.035901,0.06508,0.024609,0.203304,-0.355865,0.121098,-0.058006,0.559811,-0.166093,-0.032412,0.003334,0.048069,-0.084926,-0.124034,-0.323393,0.046201,-0.045592,0.113112,0.161265,-0.189238,1.03413,-0.028875,-0.251666,0.227809,-0.058006,0.559811,-0.166093,0.606437,-0.548983,-0.502723,0.279501,0.660489,-0.415998,-0.57283,0.250132,-0.57127,0.606681,0.354867,-0.423861,-0.583998,0.592577,0.38972,-0.394864,0.621879,-0.500634,-0.531298,0.283469,-0.552413,0.577931,0.441587,-0.40723,-0.480651,0.653258,0.347118,-0.47089,-0.505012,0.612438,0.490079,-0.360147,-0.332257,0.754142,0.380943,-0.419234,0.724214,-0.295828,-0.589693,0.200652,-0.439063,0.587807,0.625,-0.266612,-0.405998,0.616343,0.620732,-0.264535,0.652612,-0.420953,-0.617931,0.122705,0.682882,-0.392661,-0.596699,0.153102,0.697162,-0.381055,-0.585354,0.161626,0.657549,-0.418338,-0.614177,0.124134,-0.583998,0.592577,0.38972,-0.394864,-0.480651,0.653258,0.347118,-0.47089,-0.332257,0.754142,0.380943,-0.419234,-0.405998,0.616343,0.620732,-0.264535,0.697162,-0.381055,-0.585354,0.161626
0.205061,-0.210134,-0.110954,0.257051,-0.217311,-0.119096,0.664599,-1.253955,0.092948,0.624457,-1.292272,-0.245524,0.248231,-0.203578,-0.117287,-0.395458,0.78684,-0.434708,-0.401276,0.847315,-0.453046,-0.468261,0.762386,-0.079641,-0.484815,0.456027,-0.197062,0.21824,-0.215249,-0.11319,0.227839,-0.230908,-0.087873,0.312748,0.39123,0.353666,-0.070349,-0.019068,-0.06314,-0.198959,-0.262615,-0.203447,0.412459,0.293581,0.972961,-0.060624,0.098825,-0.060782,0.579617,-1.90732,-0.094348,-0.182551,1.602321,-0.637124,0.311226,2.065545,-0.07614,0.394503,0.867935,0.687734,0.396836,0.275564,0.952562,-0.186086,-0.305723,-1.07954,-0.001677,-0.036171,1.15488,-0.085876,0.630195,0.078669,-0.259455,-0.387095,-1.44932,0.017434,0.321986,1.07243,0.089437,-0.06415,-0.072714,0.339561,0.219983,1.54594,-0.238253,0.206636,-0.675303,0.666548,-0.683829,4.31501,-0.084351,0.025453,-0.21091,0.160537,-0.998957,1.23809,0.140203,-0.954179,1.18576,-0.07173,0.204714,-0.215158,1.12422,-1.66663,0.258096,0.453842,0.724359,-0.459212,-0.060912,0.009571,-0.14066,-0.259455,-0.387095,-1.44932,0.339561,0.219983,1.54594,0.666548,-0.683829,4.31501,0.140203,-0.954179,1.18576,0.453842,0.724359,-0.459212,0.60295,-0.555319,-0.49678,0.2851,0.665052,-0.409151,-0.575047,0.244176,-0.570518,0.608778,0.358773,-0.418546,-0.578132,0.600403,0.379774,-0.401312,0.625587,-0.494919,-0.535914,0.276572,-0.551611,0.578074,0.440457,-0.409334,-0.487232,0.646437,0.355826,-0.467025,-0.499915,0.618561,0.486593,-0.361517,-0.364865,0.733215,0.401635,-0.409827,0.723079,-0.299568,-0.588944,0.201398,-0.452353,0.579012,0.624143,-0.265646,-0.418968,0.608505,0.62014,-0.263846,0.650751,-0.422712,-0.618826,0.122029,0.692195,-0.381447,-0.590049,0.164946,0.68798,-0.384869,-0.593452,0.162401,0.657336,-0.419234,-0.613836,0.123926,-0.578132,0.600403,0.379774,-0.401312,-0.487232,0.646437,0.355826,-0.467025,-0.364865,0.733215,0.401635,-0.409827,-0.418968,0.608505,0.62014,-0.263846,0.68798,-0.384869,-0.593452,0.162401
